z_m,component,reaction_side_flow_mol_s,reaction_side_mole_fraction,permeate_flow_mol_s
0.0,A,0.018000000000000002,0.8999999999999999,0.0
0.0,B,0.001,0.04999999999999999,0.0
0.0,H2,0.001,0.04999999999999999,0.001
0.05,A,0.017643576119879028,0.9101684546885244,0.0
0.05,B,0.001356423880120978,0.06997301558845133,0.0
0.05,H2,0.0003849567395927431,0.019858529723024314,0.0019714671405282355
0.1,A,0.017294209905092176,0.894575195024432,0.0
0.1,B,0.0017057900949078338,0.08823516744604855,0.0
0.1,H2,0.000332315495982247,0.017189637529519446,0.002373474598925587
0.15000000000000002,A,0.016951761604859897,0.8771630812033033,0.0
0.15000000000000002,B,0.002048238395140112,0.105985392173338,0.0
0.15000000000000002,H2,0.0003256669918269342,0.016851526623358596,0.002722571403313179
0.2,A,0.016616094235296072,0.8599262148984836,0.0
0.2,B,0.0023839057647039434,0.12337334104436785,0.0
0.2,H2,0.0003226976308166479,0.016700444057148413,0.003061208133887296
0.25,A,0.016287073524977245,0.8430133179271962,0.0
0.25,B,0.0027129264750227677,0.14042014027223296,0.0
0.25,H2,0.00032006669245029375,0.016566541800570808,0.0033928597825724745
0.30000000000000004,A,0.015964567861232324,0.8264298809138465,0.0
0.30000000000000004,B,0.003035432138767686,0.1571337127800089,0.0
0.30000000000000004,H2,0.0003175104505890752,0.016436406306144524,0.003717921688178612
0.35000000000000003,A,0.01564844823749598,0.8101704572988001,0.0
0.35000000000000003,B,0.003351551762504029,0.17352060618906373,0.0
0.35000000000000003,H2,0.00031500722658990706,0.01630893651213621,0.004036544535914124
0.4,A,0.015338588201643582,0.7942288696774547,0.0
0.4,B,0.0036614117983564264,0.1895871325185403,0.0
0.4,H2,0.0003125543369794018,0.016183997804004986,0.004348857461377027
0.45,A,0.015034863805169461,0.7785989908190505,0.0
0.45,B,0.003965136194830549,0.20533947495378446,0.0
0.45,H2,0.0003101506455248097,0.016061534227165025,0.004654985549305741
0.5,A,0.01473715355476218,0.7632748041709833,0.0
0.5,B,0.004262846445237832,0.22078369975648834,0.0
0.5,H2,0.00030779514039986803,0.015941496072528424,0.004955051304837965
0.55,A,0.014445338539863286,0.7482504145470621,0.0
0.55,B,0.0045546614601367245,0.2359257497679307,0.0
0.55,H2,0.00030548685176134044,0.0158238356850073,0.005249174608375386
0.6000000000000001,A,0.014159302032360191,0.7335200294018216,0.0
0.6000000000000001,B,0.004840697967639818,0.25077146510707127,0.0
0.6000000000000001,H2,0.00030322481297062284,0.015708505491107038,0.005537473154669197
0.65,A,0.013878929434874426,0.7190779555332096,0.0
0.65,B,0.005121070565125584,0.2653265851225305,0.0
0.65,H2,0.0003010080869228368,0.015595459344259899,0.005820062478202748
0.7000000000000001,A,0.013604108479534862,0.7049186101618806,0.0
0.7000000000000001,B,0.005395891520465148,0.2795967377731922,0.0
0.7000000000000001,H2,0.00029883575695461754,0.015484652064927157,0.006097055763510532
0.75,A,0.01333472935759329,0.6910365281186867,0.0
0.75,B,0.00566527064240672,0.29358743253024233,0.0
0.75,H2,0.00029670692502527127,0.01537603935107091,0.00636856371738145
0.8,A,0.01307068406333543,0.6774263283366992,0.0
0.8,B,0.00592931593666458,0.30730409403667985,0.0
0.8,H2,0.00029462070868751134,0.015269577626620904,0.006634695227977071
0.8500000000000001,A,0.012811867158784745,0.6640827536831478,0.0
0.8500000000000001,B,0.006188132841215266,0.320752022044939,0.0
0.8500000000000001,H2,0.000292576245546701,0.015165224271913198,0.006895556595668566
0.9,A,0.012558174999210858,0.6510006312449966,0.0
0.9,B,0.006441825000789152,0.33393643122086303,0.0
0.9,H2,0.00029057269144909336,0.015062937534140446,0.00715125230934006
0.9500000000000001,A,0.012309506309572314,0.6381749025497251,0.0
0.9500000000000001,B,0.006690493690427697,0.3468624209224354,0.0
0.9500000000000001,H2,0.00028860922043730453,0.014962676527839424,0.007401884469990394
1.0,A,0.012065761581023132,0.6256005926859162,0.0
1.0,B,0.006934238418976877,0.3595350061914229,0.0
1.0,H2,0.0002866850225008675,0.014864401122660811,0.007647553396476011
1.05,A,0.011826843330185912,0.6132728240003589,0.0
1.05,B,0.007173156669814098,0.3719591039703703,0.0
1.05,H2,0.0002847993052093646,0.014768072029270857,0.007888357364604734
1.1,A,0.01159265606196958,0.6011868145237944,0.0
1.1,B,0.00740734393803043,0.3841395347521471,0.0
1.1,H2,0.00028295129219063517,0.01467365072405835,0.008124392645839794
1.1500000000000001,A,0.011363105977525864,0.5893378631745323,0.0
1.1500000000000001,B,0.007636894022474146,0.3960810374731038,0.0
1.1500000000000001,H2,0.00028114022119206074,0.014581099352363874,0.008355753801282085
1.2000000000000002,A,0.01113810138633988,0.5777213712770726,0.0
1.2000000000000002,B,0.00786189861366013,0.4077882477794181,0.0
1.2000000000000002,H2,0.0002793653482451653,0.014490380943509294,0.008582533265414968
1.25,A,0.01091755213958737,0.5663328136229879,0.0
1.25,B,0.00808244786041264,0.41926572726416955,0.0
1.25,H2,0.00027762594179340963,0.014401459112842489,0.008804821918619234
1.3,A,0.01070137004984069,0.55516776036351,0.0
1.3,B,0.00829862995015932,0.4305179413531337,0.0
1.3,H2,0.00027592128698844987,0.01431429828335629,0.009022708663170871
1.35,A,0.010489468672739505,0.5442218659838832,0.0
1.35,B,0.008510531327260505,0.44154927040993586,0.0
1.35,H2,0.00027425068409533336,0.014228863606180994,0.009236280643165172
1.4000000000000001,A,0.010281763242826307,0.5334908662562695,0.0
1.4000000000000001,B,0.008718236757173703,0.4523640128610207,0.0
1.4000000000000001,H2,0.00027261344693260095,0.014145120882709842,0.009445623310241102
1.4500000000000002,A,0.010078170675344817,0.5229705785393802,0.0
1.4500000000000002,B,0.008921829324655193,0.46296638485782493,0.0
1.4500000000000002,H2,0.0002710089035838849,0.014063036602794805,0.009650820421071307
1.5,A,0.009878609517054346,0.5126568994618151,0.0
1.5,B,0.009121390482945664,0.47336052262158745,0.0
1.5,H2,0.00026943639581337975,0.013982577916597464,0.009851954087132284
1.55,A,0.009682999942519768,0.502545804941398,0.0
1.55,B,0.009317000057480242,0.4835504824248738,0.0
1.55,H2,0.00026789527901621024,0.013903712633728225,0.010049104778464032
1.6,A,0.009491263711301184,0.49263334818396726,0.0
1.6,B,0.009508736288698826,0.4935402426257005,0.0
1.6,H2,0.0002663849215437091,0.013826409190332163,0.010242351367155116
1.6500000000000001,A,0.00930332411701636,0.4829156572353582,0.0
1.6500000000000001,B,0.00969667588298365,0.5033337061174069,0.0
1.6500000000000001,H2,0.0002649047046370691,0.01375063664723482,0.010431771178346582
1.7000000000000002,A,0.009119105969897144,0.47338893427018214,0.0
1.7000000000000002,B,0.009880894030102866,0.5129347010537875,0.0
1.7000000000000002,H2,0.0002634540221265469,0.013676364676030376,0.010617440007976318
1.75,A,0.008938535597891267,0.464049455825111,0.0
1.75,B,0.010061464402108743,0.5223469806065076,0.0
1.75,H2,0.00026203228058515346,0.013603563568381329,0.01079943212152359
1.8,A,0.008761540752701889,0.45489356812130555,0.0
1.8,B,0.010238459247298121,0.5315742276986801,0.0
1.8,H2,0.00026063889820807914,0.013532204180014384,0.010977820349090043
1.85,A,0.008588050635101896,0.4459176885316011,0.0
1.85,B,0.010411949364898114,0.5406200535109388,0.0
1.85,H2,0.0002592733053092994,0.013462257957460115,0.011152676059588815
1.9000000000000001,A,0.008417995855123496,0.4371183036828346,0.0
1.9000000000000001,B,0.010582004144876514,0.5494879993980809,0.0
1.9000000000000001,H2,0.0002579349439263954,0.013393696919084425,0.011324069200950118
1.9500000000000002,A,0.008251308377611654,0.428491966795169,0.0
1.9500000000000002,B,0.010748691622388356,0.5581815395784628,0.0
1.9500000000000002,H2,0.00025662326723619594,0.013326493626368152,0.01149206835515216
2.0,A,0.008087921524668928,0.420035297954374,0.0
2.0,B,0.010912078475331082,0.5667040808577606,0.0
2.0,H2,0.00025533773960936666,0.01326062118786531,0.011656740735721717
