pressure_bar,component,equilibrium_loading_mol_kg
0.0001,CO2,0.0002999436112057603
0.00010292747724096089,CO2,0.0003087226934119798
0.0001059406557118851,CO2,0.0003177586803562495
0.00010904204429677526,CO2,0.0003270590868743733
0.00011223422532664173,CO2,0.0003366316474414751
0.00011551985672964792,CO2,0.000346484322580772
0.00011890167424419898,CO2,0.00035662530545870483
0.00012238249369681925,CO2,0.0003670630286718157
0.000125965213346714,CO2,0.0003778061712309027
0.00012965281629896688,CO2,0.0003888636657481423
0.00013344837298838385,CO2,0.00040024470583303727
0.00013735504373605135,CO2,0.0004119587537032082
0.00014137608138073613,CO2,0.00042401554801621604
0.00014551483398731938,CO2,0.00043642511192878454
0.00014977474763452016,CO2,0.0004491977613899709
0.00015415936928422718,CO2,0.0004623441136750063
0.00015867234973483178,CO2,0.00047587509616674027
0.00016331744666101683,CO2,0.0004898019553917915
0.00016809852774253637,CO2,0.000504136266318733
0.00017301957388458943,CO2,0.00051888994192583
0.0001780846825324681,CO2,0.0005340752430460593
0.00018329807108324357,CO2,0.0005497047884973732
0.00018866408039732582,CO2,0.0005657915655063697
0.0001941871784128255,CO2,0.0005823489404337787
0.00019987196386572507,CO2,0.0005993906698104064
0.00020572317011895573,CO2,0.0006169309116924014
0.0002117456691035712,CO2,0.000634984237344988
0.00021794447537529856,CO2,0.000653565643264037
0.00022432475028984203,CO2,0.0006726905635451133
0.00023089180630041925,CO2,0.0006923748826099172
0.00023765111138110754,CO2,0.0007126349483003009
0.0002446082935796798,CO2,0.0007334875853503153
0.0002517691457037277,CO2,0.0007549501092470622
0.000259139630143966,CO2,0.0007770403404913764
0.0002667258838387405,CO2,0.0007997766192697143
0.0002745342233838714,CO2,0.0008231778205489053
0.00028257115029208267,CO2,0.0008472633696057462
0.00029084335640640476,CO2,0.0008720532580037664
0.00029935772947204905,CO2,0.0008975680600297975
0.0003081213588714002,CO2,0.000923828949603351
0.0003171415415268999,CO2,0.0009508577176721505
0.0003264257879767324,CO2,0.000978676790107513
0.0003359818286283781,CO2,0.0010073092461136744
0.0003458176201952381,CO2,0.0010367788371655115
0.00035594135232168623,CO2,0.0010671100064894917
0.00036636145440207163,CO2,0.001098327909103116
0.00037708660259934553,CO2,0.0011304584324285
0.000388125727069154,CO2,0.0011635282174961442
0.00039948801939541706,CO2,0.001197564680755414
0.00041118294024358287,CO2,0.0012325960365086486
0.00042322022723792756,CO2,0.0012686513199862742
0.0004356099030694608,CO2,0.0013057604110807597
0.00044836228384119057,CO2,0.0013439540587577281
0.00046148798765769386,CO2,0.0013832639061629945
0.00047499794346614126,CO2,0.0014237225164447935
0.0004889034001561443,CO2,0.001465363399310983
0.0005032159359259994,CO2,0.0015082210383414979
0.0005179474679231213,CO2,0.0015523309190768335
0.0005331102621667032,CO2,0.00159772955790392
0.0005487169437608605,CO2,0.0016444545317612557
0.0005647805074067558,CO2,0.001692544508685697
0.0005813143282224713,CO2,0.001742039279223948
0.0005983321728796288,CO2,0.001792979788732296
0.0006158482110660267,CO2,0.001845408170588736
0.0006338770272838487,CO2,0.001899367780342272
0.0006524336329932622,CO2,0.001954903230824761
0.0006715334791115142,CO2,0.0020120604282512565
0.0006911924688779366,CO2,0.0020708866093355114
0.0007114269710955731,CO2,0.0021314303794478955
0.0007322538337604533,CO2,0.0021937417518436476
0.0007536903980898542,CO2,0.002257872187990033
0.0007757545129612413,CO2,0.0023238746390217033
0.0007984645497739086,CO2,0.002391803588354194
0.0008218394177456806,CO2,0.002461715095486181
0.00084589857965743,CO2,0.0025336668410218983
0.0008706620680585126,CO2,0.002607718172945762
0.000896150501946605,CO2,0.0026839301541819825
0.0009223851039358476,CO2,0.002762365611472739
0.0009493877179275829,CO2,0.0028430891856091683
0.0009771808272983908,CO2,0.0029261673830501835
0.0010057875736205835,CO2,0.0030116686289649373
0.0010352317759307378,CO2,0.003099663321735488
0.0010655379505623054,CO2,0.003190223888956965
0.0010967313315588178,CO2,0.003283424844973348
0.0011288378916846883,CO2,0.0033793428499877824
0.0011618843640511002,CO2,0.0034780567707870806
0.0011958982643749793,CO2,0.0035796477431208336
0.0012309079138896018,CO2,0.0036841992357764825
0.0012669424629259062,CO2,0.003791797116392333
0.0013040319151841316,CO2,0.0039025297190513446
0.001342207152716012,CO2,0.004016487913699375
0.0013814999616383224,CO2,0.004133765177432294
0.0014219430585991676,CO2,0.004254457667697088
0.0014635701180190797,CO2,0.0043786642974530535
0.0015064158001295927,CO2,0.004506486812339746
0.0015505157798326253,CO2,0.004638029869899165
0.0015959067764047309,CO2,0.00477340112090052
0.0016426265840709304,CO2,0.004912711292816458
0.00169071410347358,CO2,0.005056074275500477
0.001740209374062485,CO2,0.005203607209115923
0.0017911536074332302,CO2,0.005355430574367614
0.001843589221641488,CO2,0.005511668285087812
0.0018975598765218504,CO2,0.005672447783228803
0.0019531105100406311,CO2,0.005837900136315075
0.0020102873757128856,CO2,0.006008160137408525
0.00206913808111479,CO2,0.006183366407640591
0.0021297116275234783,CO2,0.006363661501365866
0.0021920584507173256,CO2,0.006549192013992002
0.002256230462970635,CO2,0.006740108692541049
0.0023222810962777243,CO2,0.006936566548997915
0.002390265346842392,CO2,0.007138724976501664
0.0024602398208697774,CO2,0.00734674786843553
0.0025322627816987946,CO2,0.00756080374047189
0.0026063941983143473,CO2,0.007781065855628206
0.0026826957952797246,CO2,0.008007712352389926
0.002761231104130753,CO2,0.008240926375956319
0.002842065516274511,CO2,0.00848089621266485
0.0029252663374366447,CO2,0.00872781542764935
0.0030109028437025924,CO2,0.008981883005786725
0.003099046339199427,CO2,0.009243303495986465
0.0031897702154663216,CO2,0.009512287158876337
0.0032831500125630473,CO2,0.009789050117936765
0.003379263481967431,CO2,0.010073814514135474
0.00347819065131413,CO2,0.010366808664112681
0.0035800138910285803,CO2,0.010668267221965613
0.0036848179829116765,CO2,0.01097843134467983
0.00379269019073225,CO2,0.011297548861252858
0.0039037203328860922,CO2,0.01162587444555354
0.004018000857182091,CO2,0.011963669792958612
0.004135626917817706,CO2,0.012311203800805297
0.004256696454607871,CO2,0.012668752752695916
0.004381310274533306,CO2,0.013036600506687797
0.004509572135676145,CO2,0.01341503868739818
0.004641588833612777,CO2,0.013804366882050495
0.0047774702903357735,CO2,0.014204892840483962
0.004917329645779016,CO2,0.014616932679144864
0.005061283352022219,CO2,0.015040811089072681
0.005209451270253212,CO2,0.015476861547889223
0.005361956770568816,CO2,0.0159254265357939
0.00551892683469738,CO2,0.016386857755561982
0.005680492161728429,CO2,0.016861516356536252
0.005846787276937589,CO2,0.017349773162596276
0.006017950643797334,CO2,0.01785200890408145
0.00619412477926676,CO2,0.01836861445363649
0.0063754563724565064,CO2,0.018899991065939696
0.0065620964067675544,CO2,0.01944655062126514
0.006754200285605587,CO2,0.02000871587282023
0.0069519279617756054,CO2,0.02058692069779006
0.007155444070664574,CO2,0.021181610352008964
0.007364918067322966,CO2,0.021793241728167993
0.007580524367559262,CO2,0.022422283617454263
0.007802442493165045,CO2,0.023069216974505962
0.008030857221391512,CO2,0.023734535185551704
0.008265958738801813,CO2,0.024418744339588655
0.008507942799627445,CO2,0.025122363502438273
0.008757010888760509,CO2,0.025845924993501745
0.009013370389517439,CO2,0.026589974665019247
0.009277234756314059,CO2,0.027355072183619506
0.009548823692395667,CO2,0.028141791313925905
0.00982836333277003,CO2,0.02895072020396463
0.010116086432495808,CO2,0.029782461672099577
0.010412232560483054,CO2,0.030637633495194903
0.010717048298967103,CO2,0.031516868697682415
0.011030787448822152,CO2,0.032420815841186536
0.011353711240885177,CO2,0.033350139314331506
0.01168608855346651,CO2,0.03430551962233022
0.012028196136227775,CO2,0.0352876536759222
0.012380318840613969,CO2,0.036297255079200834
0.012742749857031334,CO2,0.0373350544158362
0.013115790958968502,CO2,0.03840179953316773
0.013499752754264297,CO2,0.03949825582360657
0.013894954943731374,CO2,0.04062520650275156
0.01430172658735088,CO2,0.041783452883585225
0.014720406378260014,CO2,0.042973814646077836
0.01515134292476053,CO2,0.04419713010148813
0.015594895040582816,CO2,0.04545425645060542
0.016051432043647614,CO2,0.04674607003513863
0.0165213340635737,CO2,0.04807346658140917
0.017004992358187924,CO2,0.049437361435462464
0.017502809639301013,CO2,0.05083868978866349
0.018015200408020238,CO2,0.052278406892793845
0.018542591299878522,CO2,0.05375748826361923
0.01908542144006686,CO2,0.055276929871842885
0.019644142809066265,CO2,0.056837748320311486
0.020219220618983534,CO2,0.05844098100628454
0.02081113370090395,CO2,0.06008768626752468
0.02142037490358383,CO2,0.06177894351091291
0.022047451503814746,CO2,0.06351585332223517
0.02269288562880081,CO2,0.06529953755573129
0.023357214690901212,CO2,0.06713113940194168
0.02404099183509972,CO2,0.06901182343232899
0.0247447863995735,CO2,0.0709427756190952
0.0254691843897454,CO2,0.07292520332856038
0.02621478896621356,CO2,0.07496033528640916
0.026982220946965358,CO2,0.07704942151306
0.02777211932429355,CO2,0.0791937332273554
0.028585141796844713,CO2,0.08139456271671802
0.02942196531724374,CO2,0.08365322317186946
0.030283286655749458,CO2,0.08597104848415522
0.031169822980411436,CO2,0.08834939300347677
0.032082312454210775,CO2,0.09078963125478581
0.03302151484968176,CO2,0.09329315761105532
0.03398821218152667,CO2,0.09586138592060817
0.03498320935775036,CO2,0.09849574908665065
0.0360073348498562,CO2,0.10119769859683049
0.03706144138266228,CO2,0.10396870400062132
0.03814640664431178,CO2,0.10681025233231813
0.03926313401706836,CO2,0.10972384747741995
0.040412553329506,CO2,0.11271100948017973
0.04159562163071847,CO2,0.11577327379010388
0.04281332398719392,CO2,0.11891219044520673
0.04406667430301786,CO2,0.12212932318984873
0.04535671616408702,CO2,0.12542624852502546
0.0466845237070379,CO2,0.12880455468902646
0.04805120251361242,CO2,0.13226584056643978
0.049457890531206396,CO2,0.1358117145235577
0.050905759020366814,CO2,0.13944379316832473
0.052396013530026445,CO2,0.14316370003307188
0.0539298949012887,CO2,0.14697306417840394
0.05550868030059805,CO2,0.15087351871673854
0.057133684283155795,CO2,0.15486669925414837
0.05880625988746757,CO2,0.15895424224933308
0.06052779976193349,CO2,0.16313778328873257
0.06229973732441841,CO2,0.1674189552770022
0.06412354795576918,CO2,0.17179938654230587
0.06600075022827095,CO2,0.1762806988561231
0.06793290717006695,CO2,0.18086450536754575
0.06992162756659374,CO2,0.18555240845232823
0.07196856730011514,CO2,0.19034599747726635
0.07407543072847163,CO2,0.1952468464808251
0.07624397210419138,CO2,0.20025651177128098
0.07847599703514607,CO2,0.20537652944403478
0.08077336398796711,CO2,0.21060841282014647
0.08313798583547334,CO2,0.21595364980856374
0.08557183144940002,CO2,0.22141370019496381
0.08807692733975461,CO2,0.22698999286058438
0.09065535934216358,CO2,0.2326839229348983
0.09330927435461664,CO2,0.23849684888648962
0.0960408821250538,CO2,0.24443008955699075
0.09885245709128271,CO2,0.2504849211434713
0.10174634027476064,CO2,0.2566625741352049
0.10472494122981486,CO2,0.26296423021127824
0.10779074004992725,CO2,0.269391019106068
0.11094628943275218,CO2,0.27594401545015357
0.11419421680558647,CO2,0.28262423559479194
0.11753722651306354,CO2,0.289432634428634
0.12097810206889013,CO2,0.2963701021958923
0.12451970847350319,CO2,0.3034374613257125
0.12816499459957584,CO2,0.31063546328300595
0.13191699564735718,CO2,0.31796478545149465
0.13577883567189278,CO2,0.3254260280601917
0.1397537301842291,CO2,0.333019711164974
0.14384498882876628,CO2,0.3407462716973012
0.148056018138991,CO2,0.3486060605925054
0.1523903243738829,CO2,0.35659934001038174
0.15685151643735462,CO2,0.36472628066107315
0.1614433088831602,CO2,0.3729869592494576
0.16616952500776888,CO2,0.38138135605137624
0.17103410003378397,CO2,0.3899093526351315
0.17604108438655525,CO2,0.3985707297416822
0.18119464706671223,CO2,0.4073651653368887
0.18649907912142963,CO2,0.41629223284902195
0.1919587972173111,CO2,0.42535139960449503
0.19757834731786994,CO2,0.4345420254744709
0.20336240846866724,CO2,0.4438633617445707
0.20931579669325737,CO2,0.45331455021940165
0.21544346900318823,CO2,0.46289462257302905
0.22175052752539318,CO2,0.4726024999558067
0.22824222375040976,CO2,0.48243699286719255
0.23492396290496578,CO2,0.4923968013032895
0.24180130845257206,CO2,0.5024805151868671
0.24887998672586648,CO2,0.5126866150865451
0.2561658916945727,CO2,0.5230134732306715
0.26366508987303583,CO2,0.533459354820173
0.27138382537142774,CO2,0.5440224196433512
0.2793285250948253,CO2,0.5547007239942022
0.2875058040944877,CO2,0.5654922228943834
0.29592247107579545,CO2,0.5763947726174589
0.3045855340674284,CO2,0.5874061335124822
0.3135022062565112,CO2,0.5985239731224106
0.32267991199458085,CO2,0.6097458695912141
0.3321262929793748,CO2,0.6210693153519254
0.3418492146175927,CO2,0.6324917210862456
0.3518567725739263,CO2,0.6440104199447079
0.3621572995118075,CO2,0.6556226720147915
0.3727593720314938,CO2,0.6673256690228404
0.38367181781126447,CO2,0.6791165392541124
0.3949037229576698,CO2,0.6909923526738377
0.4064644395709628,CO2,0.7029501262308034
0.4183635935320019,CO2,0.7149868293236705
0.43061109251711693,CO2,0.727099389409055
0.44321713424760856,CO2,0.7392846977293179
0.45619221498074586,CO2,0.7515396151370343
0.4695471382493426,CO2,0.7638609779922998
0.4832930238571752,CO2,0.7762456041083119
0.49744131713774514,CO2,0.788690298720131
0.5120037984840887,CO2,0.8011918604511126
0.5269925931575656,CO2,0.813747087251258
0.5424201813838024,CO2,0.8263527822816558
0.5582994087441919,CO2,0.8390057597192472
0.5746434968715973,CO2,0.8517028504563947
0.5914660544591746,CO2,0.864440907670136
0.6087810885914762,CO2,0.8772168122365612
0.6266030164072649,CO2,0.8900274779664652
0.6449466771037621,CO2,0.9028698566393076
0.6638273442923082,CO2,0.9157409428135104
0.6832607387157398,CO2,0.9286377783922966
0.7032630413380644,CO2,0.9415574569255406
0.7238509068173248,CO2,0.9544971276295073
0.745041477372891,CO2,0.9674539991078989
0.766852397058701,CO2,0.9804253427591942
0.7893018264543568,CO2,0.9934084958570293
0.8124084577862966,CO2,1.0064008642921016
0.8361915304916318,CO2,1.0193999249659444
0.8606708472376159,CO2,1.0324032278288207
0.8858667904100823,CO2,1.0454083975558974
0.9118003390845681,CO2,1.0584131348578345
0.9384930864942721,CO2,1.0714152174238878
0.9659672580093832,CO2,1.0844125004975884
0.9942457296427408,CO2,1.097402917087014
1.0233520470972575,CO2,1.1103844778136098
1.053310445370936,CO2,1.1233552704053753
1.084145868935835,CO2,1.1363134588421189
1.115883992507748,CO2,1.1492572821622133
1.1485512424239368,CO2,1.1621850529420508
1.1821748186466723,CO2,1.1750951554609834
1.216782717410923,CO2,1.187986043566118
1.252403754535072,CO2,1.2008562382527797
1.2890675894140244,CO2,1.213704324977798
1.3268047497147244,CO2,1.2265289507240413
1.3656466567946097,CO2,1.239328820835737
1.4056256518642136,CO2,1.252102695645156
1.446775022915648,CO2,1.2648493869121127
1.4891290324394086,CO2,1.277567754098525
1.532722945952612,CO2,1.2902567005009258
1.5775930613623614,CO2,1.30291516926432
1.623776739188721,CO2,1.3155421393011917
1.6713124336724858,CO2,1.3281366211397296
1.720239724793599,CO2,1.3406976527254457
1.770599351226898,CO2,1.3532242952003968
1.8224332442626647,CO2,1.3657156286840886
1.8757845627201613,CO2,1.3781707480798735
1.9306977288832496,CO2,1.3905887589303094
1.9872184654880534,CO2,1.402968773344443
2.0453938337933906,CO2,1.4153099060193726
2.105272272765707,CO2,1.427611270377713
2.166903639411181,CO2,1.4398719748417932
2.2303392502884942,CO2,1.4520911192644224
2.2956319242369094,CO2,1.4642677915350812
2.362836026355175,CO2,1.4764010643792347
2.432007513267945,CO2,1.488489992367262
2.5032039797173256,CO2,1.5005336091481918
2.5764847065183747,CO2,1.5125309249220713
2.651910709918535,CO2,1.5244809241633601
2.7295447924020073,CO2,1.5363825636062318
2.809451594981406,CO2,1.548234770501132
2.8916976510202965,CO2,1.5600364411503604
2.9763514416313193,CO2,1.5717864397287964
3.063483452696084,CO2,1.583483597394266
3.1531662335543613,CO2,1.5951267116903916
3.2454744574113255,CO2,1.6067145462430732
3.340484983513244,CO2,1.618245830750122
3.438276921143307,CO2,1.6297192612619034
3.538931695490984,CO2,1.6411335007492414
3.6425331154496376,CO2,1.6524871799532381
3.7491674433988855,CO2,1.663778898510127
3.858923467029899,CO2,1.6750072263428104
3.971892573273302,CO2,1.6861707053092825
4.08816882439129,CO2,1.697267851096806
4.207849036297398,CO2,1.7082971553494555
4.331032859169001,CO2,1.7192570880154294
4.457822860419706,CO2,1.7301460998994815
4.58832461010084,CO2,1.7409626254048347
4.722646768802955,CO2,1.751705085448056
4.86090117813063,CO2,1.7623718905296326
5.003202953825999,CO2,1.7729614439423567
5.149670581618343,CO2,1.7834721450990745
5.3004260158796725,CO2,1.793902392961005
5.455594781168514,CO2,1.8042505895475414
5.615306076746267,CO2,1.8145151435083022
5.779692884153313,CO2,1.824694473738194
5.948892077934331,CO2,1.8347870130163308
6.123044539605178,CO2,1.844791211649906
6.302295274956023,CO2,1.8547055411044102
6.486793534788508,CO2,1.864528497602069
6.676692939187556,CO2,1.8742586056709243
6.872151605431122,CO2,1.8838944216276077
7.073332279644439,CO2,1.8934345369776362
7.280402472308562,CO2,1.9028775817178638
7.493534597735756,CO2,1.912222227526636
7.712906117627992,CO2,1.921467190828158
7.9386996888382235,CO2,1.9306112357186336
8.171103315457186,CO2,1.9396531767427883
8.410310505352605,CO2,1.9485918815105219
8.656520431290936,CO2,1.9574262731445837
8.909938096776099,CO2,1.9661553325513221
9.17077450674293,CO2,1.9747781005077525
9.439246843247663,CO2,1.9832936795593459
9.715578646301848,CO2,1.9917012357241548
10.0,CO2,2.0
0.0001,N2,1.4749588762180885e-05
0.00010292747724096089,N2,1.518136722537739e-05
0.0001059406557118851,N2,1.5625785168734646e-05
0.00010904204429677526,N2,1.6083212566431838e-05
0.00011223422532664173,N2,1.6554030220960562e-05
0.00011551985672964792,N2,1.7038630079967044e-05
0.00011890167424419898,N2,1.7537415562360444e-05
0.00012238249369681925,N2,1.805080189395837e-05
0.000125965213346714,N2,1.857921645294802e-05
0.00012965281629896688,N2,1.9123099125449605e-05
0.00013344837298838385,N2,1.968290267147742e-05
0.00013735504373605135,N2,2.0259093101602088e-05
0.00014137608138073613,N2,2.085215006462642e-05
0.00014551483398731938,N2,2.1462567246596817e-05
0.00014977474763452016,N2,2.209085278148111e-05
0.00015415936928422718,N2,2.27375296738533e-05
0.00015867234973483178,N2,2.3403136233936302e-05
0.00016331744666101683,N2,2.4088226525362833e-05
0.00016809852774253637,N2,2.4793370826026317e-05
0.00017301957388458943,N2,2.55191561024037e-05
0.0001780846825324681,N2,2.6266186497743175e-05
0.00018329807108324357,N2,2.7035083834522086e-05
0.00018866408039732582,N2,2.7826488131590687e-05
0.0001941871784128255,N2,2.8641058136431056e-05
0.00019987196386572507,N2,2.9479471872971825e-05
0.00020572317011895573,N2,3.034242720541245e-05
0.0002117456691035712,N2,3.1230642418524414e-05
0.00021794447537529856,N2,3.214485681490998e-05
0.00022432475028984203,N2,3.3085831329712534e-05
0.00023089180630041925,N2,3.4054349163288285e-05
0.00023765111138110754,N2,3.505121643236263e-05
0.0002446082935796798,N2,3.607726284020989e-05
0.0002517691457037277,N2,3.7133342366411885e-05
0.000259139630143966,N2,3.822033397676495e-05
0.0002667258838387405,N2,3.9339142353923656e-05
0.0002745342233838714,N2,4.049069864938505e-05
0.00028257115029208267,N2,4.1675961257435084e-05
0.00029084335640640476,N2,4.2895916611697725e-05
0.00029935772947204905,N2,4.415158000494458e-05
0.0003081213588714002,N2,4.54439964328427e-05
0.0003171415415268999,N2,4.677424146233822e-05
0.0003264257879767324,N2,4.814342212539204e-05
0.0003359818286283781,N2,4.955267783880683e-05
0.0003458176201952381,N2,5.100318135090428e-05
0.00035594135232168623,N2,5.249613971583367e-05
0.00036636145440207163,N2,5.403279529631656e-05
0.00037708660259934553,N2,5.561442679565462e-05
0.000388125727069154,N2,5.724235031985122e-05
0.00039948801939541706,N2,5.8917920470723465e-05
0.00041118294024358287,N2,6.064253147090543e-05
0.00042322022723792756,N2,6.24176183216694e-05
0.0004356099030694608,N2,6.424465799451909e-05
0.00044836228384119057,N2,6.612517065753684e-05
0.00046148798765769386,N2,6.80607209374938e-05
0.00047499794346614126,N2,7.00529192187617e-05
0.0004889034001561443,N2,7.210342298009574e-05
0.0005032159359259994,N2,7.421393817038758e-05
0.0005179474679231213,N2,7.63862206245191e-05
0.0005331102621667032,N2,7.862207752048151e-05
0.0005487169437608605,N2,8.092336887895667e-05
0.0005647805074067558,N2,8.329200910659101e-05
0.0005813143282224713,N2,8.572996858423074e-05
0.0005983321728796288,N2,8.823927530142054e-05
0.0006158482110660267,N2,9.082201653850583e-05
0.0006338770272838487,N2,9.348034059771895e-05
0.0006524336329932622,N2,9.621645858466727e-05
0.0006715334791115142,N2,9.903264624168181e-05
0.0006911924688779366,N2,0.00010193124583452777
0.0007114269710955731,N2,0.00010491466809402141
0.0007322538337604533,N2,0.00010798539421414023
0.0007536903980898542,N2,0.00011114597790826
0.0007757545129612413,N2,0.00011439904752519869
0.0007984645497739086,N2,0.00011774730822679573
0.0008218394177456806,N2,0.00012119354422880134
0.00084589857965743,N2,0.0001247406211069063
0.0008706620680585126,N2,0.00012839148816979048
0.000896150501946605,N2,0.00013214918090112118
0.0009223851039358476,N2,0.00013601682347249262
0.0009493877179275829,N2,0.00013999763132934863
0.0009771808272983908,N2,0.0001440949138519897
0.0010057875736205835,N2,0.00014831207709382793
0.0010352317759307378,N2,0.00015265262659911225
0.0010655379505623054,N2,0.00015712017030240782
0.0010967313315588178,N2,0.0001617184215121804
0.0011288378916846883,N2,0.00016645120198090297
0.0011618843640511002,N2,0.00017132244506416744
0.0011958982643749793,N2,0.00017633619897135429
0.0012309079138896018,N2,0.0001814966301104892
0.0012669424629259062,N2,0.00018680802652998332
0.0013040319151841316,N2,0.00019227480146003187
0.001342207152716012,N2,0.00019790149695652557
0.0013814999616383224,N2,0.0002036927876504068
0.0014219430585991676,N2,0.00020965348460548098
0.0014635701180190797,N2,0.00021578853928778648
0.0015064158001295927,N2,0.00022210304764970381
0.0015505157798326253,N2,0.00022860225433207515
0.0015959067764047309,N2,0.00023529155698770134
0.0016426265840709304,N2,0.0002421765107296696
0.00169071410347358,N2,0.0002492628327080637
0.001740209374062485,N2,0.00025655640681870564
0.0017911536074332302,N2,0.00026406328854768144
0.001843589221641488,N2,0.0002717897099555011
0.0018975598765218504,N2,0.0002797420848048498
0.0019531105100406311,N2,0.00028792701383600146
0.0020102873757128856,N2,0.0002963512901940695
0.00206913808111479,N2,0.0003050219050123833
0.0021297116275234783,N2,0.00031394605315640447
0.0021920584507173256,N2,0.0003231311391327061
0.002256230462970635,N2,0.00033258478316766264
0.0023222810962777243,N2,0.000342314827460631
0.002390265346842392,N2,0.00035232934261652377
0.0024602398208697774,N2,0.000362636634262804
0.0025322627816987946,N2,0.0003732452498560815
0.0026063941983143473,N2,0.00038416398568360974
0.0026826957952797246,N2,0.00039540189406513375
0.002761231104130753,N2,0.00040696829076068176
0.002842065516274511,N2,0.00041887276259004226
0.0029252663374366447,N2,0.0004311251752698173
0.0030109028437025924,N2,0.00044373568147409423
0.003099046339199427,N2,0.00045671472912494493
0.0031897702154663216,N2,0.00047007306991911693
0.0032831500125630473,N2,0.0004838217680974397
0.003379263481967431,N2,0.000497972209463656
0.00347819065131413,N2,0.0005125361106595427
0.0035800138910285803,N2,0.0005275255287033648
0.0036848179829116765,N2,0.0005429528707988973
0.00379269019073225,N2,0.0005588309044224209
0.0039037203328860922,N2,0.0005751727676952832
0.004018000857182091,N2,0.0005919919800498198
0.004135626917817706,N2,0.0006093024531966157
0.004256696454607871,N2,0.0006271185024012808
0.004381310274533306,N2,0.0006454548580791261
0.004509572135676145,N2,0.0006643266777163281
0.004641588833612777,N2,0.0006837495581263775
0.0047774702903357735,N2,0.0007037395480508139
0.004917329645779016,N2,0.000724313161113485
0.005061283352022219,N2,0.000745487389137769
0.005209451270253212,N2,0.000767279715836426
0.005361956770568816,N2,0.0007897081308839846
0.00551892683469738,N2,0.0008127911443817907
0.005680492161728429,N2,0.0008365478017260654
0.005846787276937589,N2,0.000860997698889593
0.006017950643797334,N2,0.000886160998127866
0.00619412477926676,N2,0.0009120584441207633
0.0063754563724565064,N2,0.0009387113805611078
0.0065620964067675544,N2,0.0009661417672016708
0.006754200285605587,N2,0.0009943721973724492
0.0069519279617756054,N2,0.0010234259159803052
0.007155444070664574,N2,0.0010533268380033079
0.007364918067322966,N2,0.0010840995674923739
0.007580524367559262,N2,0.001115769417093049
0.007802442493165045,N2,0.0011483624281005734
0.008030857221391512,N2,0.001181905391061592
0.008265958738801813,N2,0.0012164258669361476
0.008507942799627445,N2,0.001251952208833875
0.008757010888760509,N2,0.0012885135843385615
0.009013370389517439,N2,0.001326139998435483
0.009277234756314059,N2,0.001364862317056231
0.009548823692395667,N2,0.0014047122912559738
0.00982836333277003,N2,0.0014457225820383396
0.010116086432495808,N2,0.001487926785843414
0.010412232560483054,N2,0.0015313594607145537
0.010717048298967103,N2,0.0015760561531599586
0.011030787448822152,N2,0.0016220534257252528
0.011353711240885177,N2,0.0016693888852934613
0.01168608855346651,N2,0.0017181012121291143
0.012028196136227775,N2,0.0017682301896833202
0.012380318840613969,N2,0.0018198167351769678
0.012742749857031334,N2,0.0018729029309793588
0.013115790958968502,N2,0.001927532056799771
0.013499752754264297,N2,0.0019837486227096846
0.013894954943731374,N2,0.002041598403013531
0.01430172658735088,N2,0.0021011284709859814
0.014720406378260014,N2,0.0021623872344939624
0.01515134292476053,N2,0.0022254244725217155
0.015594895040582816,N2,0.0022902913726172464
0.016051432043647614,N2,0.002357040569278734
0.0165213340635737,N2,0.0024257261832993696
0.017004992358187924,N2,0.0024964038620892913
0.017502809639301013,N2,0.0025691308209931864
0.018015200408020238,N2,0.002643965885622137
0.018542591299878522,N2,0.0027209695352183078
0.01908542144006686,N2,0.002800203947070878
0.019644142809066265,N2,0.0028817330420016236
0.020219220618983534,N2,0.0029656225309383335
0.02081113370090395,N2,0.0030519399625940293
0.02142037490358383,N2,0.0031407547722698136
0.022047451503814746,N2,0.0032321383317987906
0.02269288562880081,N2,0.0033261640006481924
0.023357214690901212,N2,0.003422907178196492
0.02404099183509972,N2,0.003522445357201795
0.0247447863995735,N2,0.003624858178477253
0.0254691843897454,N2,0.003730227486788806
0.02621478896621356,N2,0.003838637387989681
0.026982220946965358,N2,0.003950174307405619
0.02777211932429355,N2,0.004064927049483763
0.028585141796844713,N2,0.004182986858717369
0.02942196531724374,N2,0.004304447481857559
0.030283286655749458,N2,0.00442940523142209
0.031169822980411436,N2,0.004557959050510143
0.032082312454210775,N2,0.004690210578930741
0.03302151484968176,N2,0.00482626422065093
0.03398821218152667,N2,0.004966227212568527
0.03498320935775036,N2,0.0051102096946124605
0.0360073348498562,N2,0.005258324781171914
0.03706144138266228,N2,0.005410688633853689
0.03814640664431178,N2,0.005567420535565065
0.03926313401706836,N2,0.005728642965917095
0.040412553329506,N2,0.00589448167794113
0.04159562163071847,N2,0.006065065776108482
0.04281332398719392,N2,0.0062405277956406715
0.04406667430301786,N2,0.006421003783094573
0.04535671616408702,N2,0.006606633378203591
0.0466845237070379,N2,0.006797559896952903
0.04805120251361242,N2,0.006993930415862789
0.049457890531206396,N2,0.007195895857450723
0.050905759020366814,N2,0.007403611076838474
0.052396013530026445,N2,0.007617234949466261
0.0539298949012887,N2,0.00783693045987157
0.05550868030059805,N2,0.008062864791485193
0.057133684283155795,N2,0.008295209417391886
0.05880625988746757,N2,0.008534140191997878
0.06052779976193349,N2,0.008779837443541372
0.06229973732441841,N2,0.009032486067376253
0.06412354795576918,N2,0.009292275619952889
0.06600075022827095,N2,0.009559400413412942
0.06793290717006695,N2,0.009834059610708193
0.06992162756659374,N2,0.01011645732114582
0.07196856730011514,N2,0.01040680269625451
0.07407543072847163,N2,0.010705310025858006
0.07624397210419138,N2,0.011012198834233367
0.07847599703514607,N2,0.011327693976222778
0.08077336398796711,N2,0.01165202573315779
0.08313798583547334,N2,0.011985429908445026
0.08557183144940002,N2,0.012328147922652256
0.08807692733975461,N2,0.012680426907922565
0.09065535934216358,N2,0.013042519801533136
0.09330927435461664,N2,0.013414685438403663
0.0960408821250538,N2,0.013797188642346846
0.09885245709128271,N2,0.01419030031584077
0.10174634027476064,N2,0.014594297528090196
0.10472494122981486,N2,0.015009463601129418
0.10779074004992725,N2,0.015436088193706045
0.11094628943275218,N2,0.01587446738266987
0.11419421680558647,N2,0.016324903741576087
0.11753722651306354,N2,0.016787706416197024
0.12097810206889013,N2,0.017263191196619936
0.12451970847350319,N2,0.017751680585592705
0.12816499459957584,N2,0.018253503862762276
0.13191699564735718,N2,0.01876899714443326
0.13577883567189278,N2,0.019298503438457282
0.1397537301842291,N2,0.019842372693845475
0.14384498882876628,N2,0.020400961844678114
0.148056018138991,N2,0.020974634847868014
0.1523903243738829,N2,0.021563762714314913
0.15685151643735462,N2,0.022168723532969715
0.1614433088831602,N2,0.02278990248730916
0.16616952500776888,N2,0.023427691863701937
0.17103410003378397,N2,0.024082491051129414
0.17604108438655525,N2,0.024754706531705264
0.18119464706671223,N2,0.025444751861419652
0.18649907912142963,N2,0.02615304764051654
0.1919587972173111,N2,0.026880021472894172
0.19757834731786994,N2,0.027626107913902655
0.20336240846866724,N2,0.028391748405895784
0.20931579669325737,N2,0.029177391200878623
0.21544346900318823,N2,0.029983491269578486
0.22175052752539318,N2,0.03081051019625289
0.22824222375040976,N2,0.0316589160585359
0.23492396290496578,N2,0.032529183291614056
0.24180130845257206,N2,0.03342179253601355
0.24887998672586648,N2,0.03433723046827272
0.2561658916945727,N2,0.03527598961376968
0.26366508987303583,N2,0.03623856814097045
0.27138382537142774,N2,0.03722546963636359
0.2793285250948253,N2,0.03823720285934888
0.2875058040944877,N2,0.03927428147635204
0.29592247107579545,N2,0.04033722377344718
0.3045855340674284,N2,0.041426552346778285
0.3135022062565112,N2,0.042542793770088266
0.32267991199458085,N2,0.04368647823868206
0.3321262929793748,N2,0.04485813918917371
0.3418492146175927,N2,0.046058312894396554
0.3518567725739263,N2,0.04728753803288693
0.3621572995118075,N2,0.04854635523238998
0.3727593720314938,N2,0.04983530658687959
0.38367181781126447,N2,0.05115493514663291
0.3949037229576698,N2,0.05250578438095297
0.4064644395709628,N2,0.0538883976131958
0.4183635935320019,N2,0.0553033174278221
0.43061109251711693,N2,0.05675108504926888
0.44321713424760856,N2,0.0582322396925148
0.45619221498074586,N2,0.05974731788529906
0.4695471382493426,N2,0.0612968527620485
0.4832930238571752,N2,0.06288137332966502
0.49744131713774514,N2,0.06450140370543526
0.5120037984840887,N2,0.06615746232743691
0.5269925931575656,N2,0.06785006113793614
0.5424201813838024,N2,0.0695797047404011
0.5582994087441919,N2,0.07134688953088818
0.5746434968715973,N2,0.07315210280469867
0.5914660544591746,N2,0.074995821839352
0.6087810885914762,N2,0.07687851295507261
0.6266030164072649,N2,0.07880063055414468
0.6449466771037621,N2,0.08076261614065382
0.6638273442923082,N2,0.08276489732229826
0.6832607387157398,N2,0.08480788679612464
0.7032630413380644,N2,0.08689198132021445
0.7238509068173248,N2,0.08901756067352112
0.745041477372891,N2,0.09118498660623534
0.766852397058701,N2,0.09339460178322637
0.7893018264543568,N2,0.09564672872328565
0.8124084577862966,N2,0.09794166873706543
0.8361915304916318,N2,0.10027970086677312
0.8606708472376159,N2,0.1026610808308443
0.8858667904100823,N2,0.10508603997697068
0.9118003390845681,N2,0.1075547842470038
0.9384930864942721,N2,0.1100674931573955
0.9659672580093832,N2,0.11262431879895599
0.9942457296427408,N2,0.1152253848598241
1.0233520470972575,N2,0.11787078567564152
1.053310445370936,N2,0.12056058531099931
1.084145868935835,N2,0.12329481667629133
1.115883992507748,N2,0.12607348068414567
1.1485512424239368,N2,0.12889654544963236
1.1821748186466723,N2,0.13176394553843554
1.216782717410923,N2,0.13467558126715795
1.252403754535072,N2,0.1376313180598726
1.2890675894140244,N2,0.14063098586495287
1.3268047497147244,N2,0.14367437863611301
1.3656466567946097,N2,0.14676125388145
1.4056256518642136,N2,0.14989133228412047
1.446775022915648,N2,0.15306429739808522
1.4891290324394086,N2,0.15627979542213744
1.532722945952612,N2,0.15953743505517903
1.5775930613623614,N2,0.16283678743542193
1.623776739188721,N2,0.1661773861658881
1.6713124336724858,N2,0.16955872742824607
1.720239724793599,N2,0.1729802701866523
1.770599351226898,N2,0.17644143648288496
1.8224332442626647,N2,0.17994161182364962
1.8757845627201613,N2,0.1834801456604983
1.9306977288832496,N2,0.1870563519623643
1.9872184654880534,N2,0.19066950988025175
2.0453938337933906,N2,0.1943188645031383
2.105272272765707,N2,0.19800362770367386
2.166903639411181,N2,0.20172297907176917
2.2303392502884942,N2,0.2054760669336734
2.2956319242369094,N2,0.20926200945366039
2.362836026355175,N2,0.21307989581495757
2.432007513267945,N2,0.216928787476088
2.5032039797173256,N2,0.22080771949833236
2.5764847065183747,N2,0.22471570193958912
2.651910709918535,N2,0.22865172130949768
2.7295447924020073,N2,0.23261474208029512
2.809451594981406,N2,0.23660370824752955
2.8916976510202965,N2,0.24061754493442966
2.9763514416313193,N2,0.24465516003344018
3.063483452696084,N2,0.24871544587819472
3.1531662335543613,N2,0.252797280938999
3.2454744574113255,N2,0.25689953153473366
3.340484983513244,N2,0.261021053553989
3.438276921143307,N2,0.2651606941781799
3.538931695490984,N2,0.26931729359938633
3.6425331154496376,N2,0.27348968672570473
3.7491674433988855,N2,0.27767670486699103
3.858923467029899,N2,0.28187717739402957
3.971892573273302,N2,0.28608993336434496
4.08816882439129,N2,0.2903138031081288
4.207849036297398,N2,0.2945476197680468
4.331032859169001,N2,0.29879022078701567
4.457822860419706,N2,0.30304044933843144
4.58832461010084,N2,0.3072971556937439
4.722646768802955,N2,0.3115591985227214
4.86090117813063,N2,0.3158254461222376
5.003202953825999,N2,0.3200947775699313
5.149670581618343,N2,0.3243660837996111
5.3004260158796725,N2,0.32863826859584555
5.455594781168514,N2,0.33291024950574244
5.615306076746267,N2,0.33718095866649483
5.779692884153313,N2,0.3414493435478591
5.948892077934331,N2,0.3457143676093073
6.123044539605178,N2,0.34997501087217636
6.302295274956023,N2,0.3542302704076934
6.486793534788508,N2,0.3584791607423146
6.676692939187556,N2,0.3627207141823449
6.872151605431122,N2,0.3669539810603051
7.073332279644439,N2,0.37117802990600096
7.280402472308562,N2,0.37539194754569516
7.493534597735756,N2,0.3795948391331899
7.712906117627992,N2,0.3837858281170094
7.9386996888382235,N2,0.38796405614820806
8.171103315457186,N2,0.3921286829336135
8.410310505352605,N2,0.3962788860395725
8.656520431290936,N2,0.40041386065146034
8.909938096776099,N2,0.40453281929438045
9.17077450674293,N2,0.4086349915205759
9.439246843247663,N2,0.4127196235691463
9.715578646301848,N2,0.41678597800367534
10.0,N2,0.42083333333333334
