time_s,component,loading_mol_kg,rate_mol_kg_s
0.0,CO2,0.0,0.009704347826086958
1.5037593984962405,CO2,0.01448383033602648,0.009559509522726693
3.007518796992481,CO2,0.028751488143035683,0.009416832944656601
4.511278195488721,CO2,0.04280619981634003,0.009276285827923557
6.015037593984962,CO2,0.05665114359699876,0.00913783639011697
7.518796992481203,CO2,0.07028945029052434,0.009001453323181714
9.022556390977442,CO2,0.08372420397486295,0.008867105786338328
10.526315789473683,CO2,0.09695844269780757,0.008734763399108883
12.030075187969924,CO2,0.10999515916400207,0.008604396234446938
13.533834586466165,CO2,0.12283730141169247,0.008475974811970034
15.037593984962406,CO2,0.13548777347937702,0.008349470091293188
16.541353383458645,CO2,0.14794943606250605,0.008224853465461897
18.045112781954884,CO2,0.16022510716038182,0.008102096754483139
19.548872180451127,CO2,0.17231756271340193,0.007981172198952939
21.052631578947366,CO2,0.18422953723079288,0.00786205245377903
22.55639097744361,CO2,0.19596372440897358,0.007744710581997222
24.06015037593985,CO2,0.20752277774069117,0.007629120048680046
25.563909774436087,CO2,0.21890931111506376,0.00751525471493632
27.06766917293233,CO2,0.23012589940866907,0.007403088832000267
28.57142857142857,CO2,0.24117507906780944,0.007292597035408863
30.075187969924812,CO2,0.25205934868208835,0.007183754339266074
31.57894736842105,CO2,0.26278116954942404,0.007076536130592717
33.08270676691729,CO2,0.2733429662326325,0.006970918163760633
34.58646616541353,CO2,0.28374712710770145,0.0068668765550099434
36.09022556390977,CO2,0.2939960049038825,0.0067643877770481335
37.59398496240601,CO2,0.3040919172357226,0.006663428653729732
39.097744360902254,CO2,0.3140371471271532,0.006563976354815426
40.6015037593985,CO2,0.323833943527759,0.006466008390809368
42.10526315789473,CO2,0.33348452182134114,0.006369502607873547
43.609022556390975,CO2,0.34299106432688925,0.006274437182818064
45.11278195488722,CO2,0.35235572079207667,0.006180790618166191
46.616541353383454,CO2,0.3615806088793908,0.00608854173729305
48.1203007518797,CO2,0.37066781464500764,0.005997669679636881
49.62406015037594,CO2,0.3796193930105184,0.005908153895981774
51.127819548872175,CO2,0.3884373682276163,0.005819974143810794
52.63157894736842,CO2,0.39712373433584824,0.005733110482728475
54.13533834586466,CO2,0.40568045561353316,0.005647543269951626
55.639097744360896,CO2,0.41410946702195156,0.005563253155867443
57.14285714285714,CO2,0.42241267464290494,0.005480221079657907
58.64661654135338,CO2,0.4305919561097449,0.005398428264989509
60.150375939849624,CO2,0.4386491610319684,0.005317856215767274
61.65413533834586,CO2,0.4465861114134775,0.005238486711952183
63.1578947368421,CO2,0.454404602064594,0.005160301805441018
64.66165413533834,CO2,0.46210640100792766,0.005083283816007681
66.16541353383458,CO2,0.46969324987818417,0.005007415327305116
67.66917293233082,CO2,0.47716686431600774,0.00493267918292688
69.17293233082707,CO2,0.48452893435594485,0.00485905848252751
70.67669172932331,CO2,0.49178112480861713,0.004786536578000786
72.18045112781954,CO2,0.4989250756371914,0.004715097069715043
73.68421052631578,CO2,0.5059624023282305,0.0046447238028046525
75.18796992481202,CO2,0.5128946962570078,0.00457540086351688
76.69172932330827,CO2,0.5197235250473716,0.004507112575613242
78.19548872180451,CO2,0.5264504329262369,0.004439843496824588
79.69924812030075,CO2,0.5330769410727866,0.004373578415359092
81.203007518797,CO2,0.5396045479624617,0.0043083023464623406
82.70676691729322,CO2,0.5460347297058161,0.004244000529028797
84.21052631578947,CO2,0.5523689403823151,0.004180658422263807
85.71428571428571,CO2,0.5586086123691512,0.004118261702395446
87.21804511278195,CO2,0.564755156665153,0.004056796259435428
88.7218045112782,CO2,0.5708099632098583,0.003996248193988374
90.22556390977444,CO2,0.5767744011978276,0.003936603814108681
91.72932330827066,CO2,0.5826498193882631,0.0038778496322043267
93.23308270676691,CO2,0.5884375464100096,0.003819972361986862
94.73684210526315,CO2,0.5941388910620012,0.003762958915466945
96.2406015037594,CO2,0.5997551426092254,0.003706796399994704
97.74436090225564,CO2,0.6052875710742679,0.0036514721153442786
99.24812030075188,CO2,0.6107374275245084,0.0035969735508418733
100.75187969924812,CO2,0.6161059443550285,0.0035432883825366724
102.25563909774435,CO2,0.621394335567297,0.003490404470413988
103.75939849624059,CO2,0.6266037970436966,0.0034383098556499915
105.26315789473684,CO2,0.6317355068179539,0.003386992757907419
106.76691729323308,CO2,0.6367906253415304,0.0033364415726716535
108.27067669172932,CO2,0.6417702957460409,0.0032866448686265483
109.77443609022556,CO2,0.6466756441017536,0.003237591385069422
111.27819548872179,CO2,0.6515077796722316,0.0031892700293646415
112.78195488721803,CO2,0.6562677951651756,0.003141669874435201
114.28571428571428,CO2,0.6609567669795209,0.0030947801562917487
115.78947368421052,CO2,0.6655757554488476,0.0030485902715984814
117.29323308270676,CO2,0.6701258050811574,0.003003089775275384
118.796992481203,CO2,0.6746079447950719,0.0029582683781362385
120.30075187969925,CO2,0.6790231881525057,0.0029141159445619
121.80451127819548,CO2,0.6833725335878664,0.0028706224902082934
123.30827067669172,CO2,0.6876569646338344,0.0028277781797486135
124.81203007518796,CO2,0.6918774501437723,0.002785573324649234
126.3157894736842,CO2,0.696034944510815,0.002743998380978807
127.81954887218045,CO2,0.7001303878836906,0.002703043947250051
129.32330827067668,CO2,0.7041647063793189,0.002662700762293768
130.82706766917292,CO2,0.7081388122922376,0.0026229597031645815
132.33082706766916,CO2,0.7120536043009025,0.002583811783077933
133.8345864661654,CO2,0.7159099676709093,0.0025452481493778646
135.33834586466165,CO2,0.7197087744551813,0.0025072600815351444
136.8421052631579,CO2,0.72345088369117,0.002469838989175257
138.34586466165413,CO2,0.7271371415951122,0.0024329764101358353
139.84962406015038,CO2,0.7307683817533879,0.002396664008553079
141.35338345864662,CO2,0.734345425311022,0.002360893572976738
142.85714285714286,CO2,0.7378690811573725,0.0023256570145132327
144.36090225563908,CO2,0.741340146109048,0.002290946364996478
145.86466165413532,CO2,0.7447594050900943,0.0022567537751860146
147.36842105263156,CO2,0.7481276313094921,0.0022230715129920365
148.8721804511278,CO2,0.751445586436005,0.0021898919617269075
150.37593984962405,CO2,0.7547140207704193,0.002157207618382765
151.8796992481203,CO2,0.757933673415211,0.0021250110919348478
153.38345864661653,CO2,0.7611052724416825,0.002093295101670133
154.88721804511277,CO2,0.7642295350546036,0.002062052475540922
156.39097744360902,CO2,0.7673071677543954,0.0020312761485430032
157.89473684210526,CO2,0.7703388664968936,0.002000959161118021
159.3984962406015,CO2,0.7733253168507283,0.0019710946575796752
160.90225563909775,CO2,0.7762671941523526,0.001941675884563432
162.406015037594,CO2,0.7791651636587599,0.0019126961894993589
163.9097744360902,CO2,0.7820198806979206,0.0018841490191077515
165.41353383458645,CO2,0.7848319908169734,0.0018560279179172235
166.9172932330827,CO2,0.7876021299282053,0.0018283265268049043
168.42105263157893,CO2,0.7903309244528526,0.0018010385815584319
169.92481203007517,CO2,0.7930189914627558,0.0017741579114593997
171.42857142857142,CO2,0.7956669388199001,0.0017476784378879563
172.93233082706766,CO2,0.7982753653138739,0.0017215941729482188
174.4360902255639,CO2,0.8008448607972739,0.0016958992181142186
175.93984962406014,CO2,0.8033760063190921,0.0016705877628960363
177.4436090225564,CO2,0.8058693742561094,0.0016456540835258638
178.94736842105263,CO2,0.8083255284423293,0.0016210925416636646
180.45112781954887,CO2,0.8107450242964801,0.0015968975831221566
181.95488721804512,CO2,0.8131284089476131,0.001573063736610827
183.45864661654133,CO2,0.8154762213588272,0.001549585612498685
184.96240601503757,CO2,0.8177889924491468,0.0015264579015954894
186.46616541353382,CO2,0.8200672452135792,0.0015036753739511655
187.96992481203006,CO2,0.8223114948413826,0.0014812328776731322
189.4736842105263,CO2,0.8245222488325668,0.00145912533776129
190.97744360902254,CO2,0.8267000071126566,0.001437347754960392
192.4812030075188,CO2,0.8288452621457411,0.001415895204629547
193.98496240601503,CO2,0.8309584990458364,0.0013947628356285936
195.48872180451127,CO2,0.8330401956865869,0.0013739458692210882
196.99248120300751,CO2,0.8350908228093276,0.001353439597993682
198.49624060150376,CO2,0.8371108441295345,0.0013332393847916124
200.0,CO2,0.8391007164416873,0.001313340661670085
201.50375939849624,CO2,0.8410608897225644,0.0012937389288613132
203.00751879699246,CO2,0.842991807232999,0.001274429753756967
204.5112781954887,CO2,0.8448939056181147,0.0012554087699058103
206.01503759398494,CO2,0.8467676150060651,0.0012366716760263063
207.51879699248119,CO2,0.8486133591053011,0.0012182142350339465
209.02255639097743,CO2,0.8504315553003853,0.0012000322730831047
210.52631578947367,CO2,0.8522226147463758,0.0011821216786231993
212.0300751879699,CO2,0.8539869424618037,0.0011644784014689202
213.53383458646616,CO2,0.8557249374202599,0.0011470984518843585
215.0375939849624,CO2,0.8574369926406168,0.0011299778996807896
216.54135338345864,CO2,0.8591234952759036,0.0011131128733279216
218.04511278195488,CO2,0.8607848267008542,0.0010964995590784154
219.54887218045113,CO2,0.8624213625981483,0.001080134200105475
221.05263157894737,CO2,0.8640334730433666,0.0010640130956532912
222.55639097744358,CO2,0.8656215225886772,0.0010481326002001856
224.06015037593983,CO2,0.8671858703452724,0.0010324891226342336
225.56390977443607,CO2,0.8687268700645762,0.001017079125441196
227.0676691729323,CO2,0.8702448702182397,0.0010018991239045605
228.57142857142856,CO2,0.8717402140769417,0.0009869456853175407
230.0751879699248,CO2,0.8732132397880138,0.0009722154282068196
231.57894736842104,CO2,0.8746642804519069,0.0009577050215678884
233.08270676691728,CO2,0.8760936641975164,0.0009434111841117932
234.58646616541353,CO2,0.8775017142563832,0.0009293306835231252
236.09022556390977,CO2,0.8788887490357867,0.0009154603357290902
237.593984962406,CO2,0.8802550821907483,0.0009017970041794743
239.09774436090225,CO2,0.8816010226949583,0.0008883375991373744
240.6015037593985,CO2,0.8829268749106458,0.0008750790769804995
242.1052631578947,CO2,0.8842329386574048,0.0008620184395129093
243.60902255639095,CO2,0.8855195092799941,0.0008491527332870163
245.1127819548872,CO2,0.8867868777151238,0.00083647904893572
246.61654135338344,CO2,0.8880353305572465,0.0008239945205144927
248.12030075187968,CO2,0.8892651501233656,0.0008116963248533016
249.62406015037593,CO2,0.8904766145168768,0.0007995816809181899
251.12781954887217,CO2,0.8916699976904561,0.0007876478491823969
252.6315789473684,CO2,0.8928455695080106,0.0007758921310068512
254.13533834586465,CO2,0.8940035958057029,0.0007643118680299288
255.6390977443609,CO2,0.8951443384520658,0.0007529044415663
257.1428571428571,CO2,0.8962680554072199,0.0007416672720147588
258.64661654135335,CO2,0.8973750007812067,0.0007305978182748907
260.1503759398496,CO2,0.8984654248914513,0.0007196935771724445
261.65413533834584,CO2,0.8995395743193676,0.0007089520828932816
263.1578947368421,CO2,0.9005976919661193,0.0006983709064257649
264.6616541353383,CO2,0.9016400171075468,0.0006879476550114893
266.16541353383457,CO2,0.9026667854482764,0.0006776799716041937
267.6691729323308,CO2,0.9036782291750205,0.0006675655343367526
269.17293233082705,CO2,0.9046745770090832,0.000657602055996126
270.6766917293233,CO2,0.9056560542580814,0.0006477872835061438
272.18045112781954,CO2,0.906622882866895,0.0006381189974180079
273.6842105263158,CO2,0.9075752814678553,0.000628595011408405
275.187969924812,CO2,0.9085134654301859,0.000619213171785099
276.69172932330827,CO2,0.9094376469087041,0.0006099713569999166
278.1954887218045,CO2,0.9103480348917969,0.0006008674771689882
279.69924812030075,CO2,0.9112448352486799,0.0005918994736001581
281.203007518797,CO2,0.9121282507759514,0.0005830653183274437
282.70676691729324,CO2,0.9129984812434511,0.000574363013652447
284.2105263157895,CO2,0.9138557234394354,0.0005657905916926032
285.7142857142857,CO2,0.9147001712150775,0.0005573461139361824
287.21804511278197,CO2,0.9155320155283033,0.0005490276708039243
288.72180451127815,CO2,0.9163514444869738,0.0005408333812172195
290.2255639097744,CO2,0.917158643391423,0.0005327613921727281
291.72932330827064,CO2,0.9179537947763591,0.0005248098783233668
293.2330827067669,CO2,0.9187370784521434,0.000516977041565524
294.7368421052631,CO2,0.9195086715454501,0.0005092611106324563
296.24060150375936,CO2,0.9202687485393218,0.0005016603406937392
297.7443609022556,CO2,0.9210174813126246,0.0004941730129607114
299.24812030075185,CO2,0.9217550391789168,0.00048679743429778986
300.7518796992481,CO2,0.9224815889247358,0.00047953193683960004
302.25563909774434,CO2,0.9231972948473142,0.00047237487761381594
303.7593984962406,CO2,0.9239023187917329,0.00046532463816962856
305.2631578947368,CO2,0.9245968201875201,0.0004583796242117566
306.76691729323306,CO2,0.9252809560847031,0.0004515382652399269
308.2706766917293,CO2,0.9259548811893225,0.00044479901419373306
309.77443609022555,CO2,0.926618747898417,0.0004381603471027873
311.2781954887218,CO2,0.9272727063344854,0.00043162076274210317
312.78195488721803,CO2,0.9279169043794336,0.0004251787822926212
314.2857142857143,CO2,0.9285514877080165,0.00041883294900679215
315.7894736842105,CO2,0.9291765998207795,0.00041258182787916266
317.29323308270676,CO2,0.9297923820765088,0.0004064240053218693
318.796992481203,CO2,0.9303989737241976,0.00040035808884498206
320.30075187969925,CO2,0.9309965119345344,0.00039438270674161394
321.8045112781955,CO2,0.9315851318309227,0.0003884965077777303
323.30827067669173,CO2,0.9321649665200367,0.00038269816088659094
324.812030075188,CO2,0.93273614712192,0.0003769863548677577
326.3157894736842,CO2,0.9332988027996384,0.00037135979809057364
327.8195488721804,CO2,0.9338530607884861,0.0003658172182020969
329.32330827067665,CO2,0.9343990464247586,0.00036035736183937184
330.8270676691729,CO2,0.9349368831740957,0.0003549789943460002
332.33082706766913,CO2,0.9354666926594009,0.00034968089949294904
333.8345864661654,CO2,0.935988594688344,0.000344461879203517
335.3383458646616,CO2,0.9365027072804546,0.00033932075328241165
336.84210526315786,CO2,0.9370091466938095,0.0003342563591488623
338.3458646616541,CO2,0.9375080274513227,0.0003292675515737309
339.84962406015035,CO2,0.9379994623666431,0.00032435320242052646
341.3533834586466,CO2,0.9384835625696653,0.00031951220039030503
342.85714285714283,CO2,0.9389604375316595,0.0003147434507703628
344.3609022556391,CO2,0.9394301950900271,0.00031004587518668636
345.8646616541353,CO2,0.9398929414726863,0.0003054184113600944
347.36842105263156,CO2,0.9403487813220934,0.00030086001286602326
348.8721804511278,CO2,0.9407978177189065,0.0002963696488978929
350.37593984962405,CO2,0.9412401522052948,0.0002919463040340098
351.8796992481203,CO2,0.9416758848079012,0.0002875889780079455
353.38345864661653,CO2,0.9421051140604616,0.00028329668548234156
354.8872180451128,CO2,0.9425279370260868,0.0002790684558260892
356.390977443609,CO2,0.9429444493192115,0.0002749033328948425
357.89473684210526,CO2,0.9433547451272155,0.0002708003748148025
359.3984962406015,CO2,0.9437589172317238,0.00026675865376971975
360.90225563909775,CO2,0.9441570570295865,0.00026277725579109236
362.406015037594,CO2,0.9445492545535472,0.0002588552805514854
363.90977443609023,CO2,0.9449355984926024,0.0002549918411609331
365.4135338345865,CO2,0.9453161762120569,0.00025118606396638875
366.91729323308266,CO2,0.9456910737732803,0.0002474370883541543
368.4210526315789,CO2,0.9460603759531679,0.00024374406655527814
369.92481203007515,CO2,0.9464241662633123,0.00024010616345383485
371.4285714285714,CO2,0.9467825269688871,0.00023652255639808662
372.93233082706763,CO2,0.9471355391072509,0.00023299243501444854
374.4360902255639,CO2,0.947483282506272,0.0002295150010242375
375.9398496240601,CO2,0.9478258358023803,0.00022608946806315422
377.44360902255636,CO2,0.9481632764583496,0.00022271506150346122
378.9473684210526,CO2,0.9484956807808146,0.0002193910182788117
380.45112781954884,CO2,0.9488231239375259,0.00021611658671169876
381.9548872180451,CO2,0.9491456799743487,0.00021289102634347023
383.45864661654133,CO2,0.9494634218320068,0.0002097136077668893
384.9624060150376,CO2,0.9497764213625766,0.00020658361246119196
386.4661654135338,CO2,0.9500847493457357,0.00020350033262960034
387.96992481203006,CO2,0.9503884755047681,0.0002004630710392763
389.4736842105263,CO2,0.9506876685223316,0.00019747114086364205
390.97744360902254,CO2,0.9509823960559883,0.00019452386552707424
392.4812030075188,CO2,0.9512727247535057,0.00019162057855190095
393.98496240601503,CO2,0.951558720267926,0.00018876062340769773
395.4887218045113,CO2,0.9518404472724147,0.00018594335336281076
396.9924812030075,CO2,0.9521179694748835,0.00018316813133812282
398.49624060150376,CO2,0.9523913496323978,0.00018043432976297958
400.0,CO2,0.9526606495653676,0.000177741330433282
401.50375939849624,CO2,0.952925930171528,0.0001750885243716771
403.0075187969925,CO2,0.9531872514397093,0.00017247531168986473
404.51127819548867,CO2,0.9534446724634027,0.00016990110145293058
406.0150375939849,CO2,0.9536982514541241,0.00016736531154571633
407.51879699248116,CO2,0.9539480457545765,0.00016486736854119278
409.0225563909774,CO2,0.954194111851618,0.00016240670757077801
410.52631578947364,CO2,0.9544365053890347,0.00015998277219661072
412.0300751879699,CO2,0.9546752811801243,0.0001575950142857141
413.5338345864661,CO2,0.9549104932200907,0.00015524289388605062
415.03759398496237,CO2,0.9551421946982545,0.00015292587910441303
416.5413533834586,CO2,0.9553704380100804,0.00015064344598615388
418.04511278195486,CO2,0.955595274769026,0.00014839507839669807
419.5488721804511,CO2,0.9558167558182131,0.0001461802679048263
421.05263157894734,CO2,0.9560349312419255,0.00014399851366770245
422.5563909774436,CO2,0.9562498503769338,0.00014184932231761982
424.0601503759398,CO2,0.9564615618236532,0.00013973220785042594
425.56390977443607,CO2,0.9566701134571327,0.0001376466915156305
427.0676691729323,CO2,0.9568755524378819,0.0001355923017081384
428.57142857142856,CO2,0.9570779252225355,0.00013356857386160215
430.0751879699248,CO2,0.9572772775743582,0.00013157505034337548
431.57894736842104,CO2,0.9574736545735941,0.00012961128035101632
433.0827067669173,CO2,0.9576671006276599,0.0001276768198103584
434.5864661654135,CO2,0.9578576594811881,0.00012577123127507694
436.09022556390977,CO2,0.9580453742259176,0.00012389408382778132
437.593984962406,CO2,0.95823028731044,0.00012204495298255735
439.09774436090225,CO2,0.9584124405497969,0.0001202234205889885
440.6015037593985,CO2,0.9585918751349367,0.00011842907473759045
442.10526315789474,CO2,0.9587686316420295,0.00011666150966666234
443.6090225563909,CO2,0.9589427500416415,0.00011492032567054223
445.11278195488717,CO2,0.9591142697077749,0.00011320512900920842
446.6165413533834,CO2,0.9592832294267712,0.00011151553181924511
448.12030075187965,CO2,0.9594496674060818,0.00010985115202613916
449.6240601503759,CO2,0.9596136212829087,0.00010821161325787032
451.12781954887214,CO2,0.9597751281327149,0.00010659654475980829
452.6315789473684,CO2,0.9599342244776087,0.00010500558131087079
454.1353383458646,CO2,0.9600909462946022,0.00010343836314093524
455.63909774436087,CO2,0.9602453290237478,0.00010189453584947938
457.1428571428571,CO2,0.9603974075761514,0.00010037375032544316
458.64661654135335,CO2,0.9605472163418673,9.887566266828407e-05
460.1503759398496,CO2,0.9606947891976754,9.739993411020387e-05
461.65413533834584,CO2,0.9608401595147409,9.594623093954869e-05
463.1578947368421,CO2,0.9609833601661617,9.451422442534052e-05
464.6616541353383,CO2,0.9611244235344014,9.310359074294339e-05
466.16541353383457,CO2,0.9612633815186125,9.171401090083298e-05
467.6691729323308,CO2,0.9614002655418493,9.034517066846438e-05
469.17293233082705,CO2,0.9615351065581742,8.899676050521555e-05
470.6766917293233,CO2,0.9616679350596578,8.766847549038004e-05
472.18045112781954,CO2,0.9617987810832728,8.636001525422988e-05
473.6842105263158,CO2,0.961927674217688,8.507108391007767e-05
475.187969924812,CO2,0.962054643609958,8.380138998737797e-05
476.69172932330827,CO2,0.9621797179721152,8.255064636580544e-05
478.1954887218045,CO2,0.9623029255876624,8.131857021033362e-05
479.69924812030075,CO2,0.9624242943179678,8.010488290727925e-05
481.203007518797,CO2,0.9625438516085667,7.890931000129053e-05
482.7067669172932,CO2,0.962661624495367,7.773158113328793e-05
484.2105263157894,CO2,0.9627776396107628,7.657142997932964e-05
485.71428571428567,CO2,0.9628919231896579,7.542859419037873e-05
487.2180451127819,CO2,0.963004501075397,7.430281533298722e-05
488.72180451127815,CO2,0.963115398725611,7.319383883084729e-05
490.2255639097744,CO2,0.9632246412179729,7.210141390722846e-05
491.72932330827064,CO2,0.9633322532558694,7.102529352826404e-05
493.2330827067669,CO2,0.9634382591739862,6.996523434709579e-05
494.7368421052631,CO2,0.9635426829438122,6.892099664883578e-05
496.24060150375936,CO2,0.9636455481790595,6.789234429636305e-05
497.7443609022556,CO2,0.9637468781410029,6.687904467692852e-05
499.24812030075185,CO2,0.9638466957437409,6.588086864954823e-05
500.7518796992481,CO2,0.9639450235593768,6.489759049318922e-05
502.25563909774434,CO2,0.9640418838231232,6.392898785572588e-05
503.7593984962406,CO2,0.9641372984383296,6.29748417036613e-05
505.2631578947368,CO2,0.9642312889814367,6.203493627259027e-05
506.76691729323306,CO2,0.9643238767068544,6.110905901841379e-05
508.2706766917293,CO2,0.9644150825517683,6.019700056927424e-05
509.77443609022555,CO2,0.964504927140875,5.929855467820766e-05
511.2781954887218,CO2,0.9645934307910452,5.8413518176505534e-05
512.781954887218,CO2,0.9646806135159188,5.7541690927769286e-05
514.2857142857142,CO2,0.9647664950304298,5.668287578265985e-05
515.7894736842105,CO2,0.9648510947552652,5.5836878534305524e-05
517.2932330827067,CO2,0.9649344318212564,5.500350787439379e-05
518.796992481203,CO2,0.9650165250737053,5.418257534990478e-05
520.3007518796992,CO2,0.9650973930766459,5.337389532049874e-05
521.8045112781955,CO2,0.9651770541170424,5.257728491653402e-05
523.3082706766917,CO2,0.965255526208924,5.179256399771792e-05
524.812030075188,CO2,0.9653328270974592,5.1019555112366e-05
526.3157894736842,CO2,0.9654089742629679,5.0258083457278556e-05
527.8195488721805,CO2,0.9654839849248747,4.9507976838210064e-05
529.3233082706766,CO2,0.9655578760456027,4.876906563093031e-05
530.827067669173,CO2,0.9656306643344094,4.8041182742863955e-05
532.3308270676691,CO2,0.9657023662511646,4.732416357531189e-05
533.8345864661654,CO2,0.9657729980100733,4.6617845986224316e-05
535.3383458646616,CO2,0.9658425755833422,4.5922070253535674e-05
536.8421052631579,CO2,0.9659111147047907,4.523667903905015e-05
538.3458646616541,CO2,0.9659786308734101,4.456151735285685e-05
539.8496240601503,CO2,0.9660451393568673,4.3896432518284454e-05
541.3533834586466,CO2,0.9661106551949583,4.3241274137374444e-05
542.8571428571428,CO2,0.9661751932030082,4.2595894056876026e-05
544.3609022556391,CO2,0.9662387679752225,4.1960146334733e-05
545.8646616541353,CO2,0.9663013938879863,4.133388720709452e-05
547.3684210526316,CO2,0.9663630851031163,4.071697505579452e-05
548.8721804511277,CO2,0.9664238555710626,4.010927037633172e-05
550.375939849624,CO2,0.9664837190340633,3.951063574632485e-05
551.8796992481202,CO2,0.9665426890292523,3.892093579443423e-05
553.3834586466165,CO2,0.9666007788917211,3.834003716974621e-05
554.8872180451127,CO2,0.9666580017575329,3.776780851162842e-05
556.390977443609,CO2,0.9667143705666945,3.720412042001242e-05
557.8947368421052,CO2,0.9667698980660816,3.6648845426141554e-05
559.3984962406015,CO2,0.9668245968123215,3.6101857963742876e-05
560.9022556390977,CO2,0.966878479174633,3.5563034340627684e-05
562.406015037594,CO2,0.9669315573376229,3.50322527107283e-05
563.9097744360902,CO2,0.9669838433040417,3.45093930465401e-05
565.4135338345865,CO2,0.9670353488974976,3.399433711198108e-05
566.9172932330827,CO2,0.9670860857651306,3.348696843565202e-05
568.421052631579,CO2,0.9671360653802455,3.2987172284502095e-05
569.9248120300751,CO2,0.9671852990449077,3.2494835637880694e-05
571.4285714285714,CO2,0.9672337978924975,3.20098471619823e-05
572.9323308270676,CO2,0.967281572890229,3.1532097184667766e-05
574.4360902255639,CO2,0.9673286348416291,3.106147767066636e-05
575.9398496240601,CO2,0.9673749943889816,3.059788219714199e-05
577.4436090225563,CO2,0.9674206620157327,3.0141205929630212e-05
578.9473684210526,CO2,0.9674656480488626,2.9691345598331644e-05
580.4511278195488,CO2,0.9675099626612199,2.924819947475843e-05
581.9548872180451,CO2,0.967553615873823,2.881166734872709e-05
583.4586466165413,CO2,0.9675966175581253,2.8381650505704405e-05
584.9624060150376,CO2,0.9676389774382479,2.7958051704478625e-05
586.4661654135338,CO2,0.9676807050931786,2.7540775155171503e-05
587.9699248120301,CO2,0.9677218099589375,2.7129726497582275e-05
589.4736842105262,CO2,0.967762301330712,2.672481277983807e-05
590.9774436090225,CO2,0.967802188364957,2.6325942437387397e-05
592.4812030075187,CO2,0.9678414800814673,2.5933025272284473e-05
593.984962406015,CO2,0.9678801853654158,2.554597243279999e-05
595.4887218045112,CO2,0.9679183129693636,2.516469639332164e-05
596.9924812030075,CO2,0.9679558715152391,2.4789110934566596e-05
598.4962406015037,CO2,0.9679928694962876,2.441913112408156e-05
600.0,CO2,0.9680293152789917,2.4054673297040365e-05
0.0,N2,0.0,0.002368097881499943
1.5037593984962405,N2,0.0035397152359862355,0.0023397801596120532
3.007518796992481,N2,0.0070371025460881555,0.0023118010611312377
4.511278195488721,N2,0.01049266808777609,0.002284156536797734
6.015037593984962,N2,0.013906911965887808,0.0022568425857728406
7.518796992481203,N2,0.01728032830500583,0.0022298552550598966
9.022556390977442,N2,0.02061340532096942,0.0022031906389321874
10.526315789473683,N2,0.023906625391531214,0.002176844878367693
12.030075187969924,N2,0.02716046512616928,0.0021508141604905887
13.533834586466165,N2,0.030375395435063984,0.0021250947180194314
15.037593984962406,N2,0.033551881597250297,0.0020996828287219403
16.541353383458645,N2,0.03669038332795501,0.002074574814876303
18.045112781954884,N2,0.03979135484512883,0.0020497670427389123
19.548872180451127,N2,0.04285524493518275,0.0020252559220184808
21.052631578947366,N2,0.0458824970179385,0.002001037905356435
22.55639097744361,N2,0.04887354921080216,0.0019771094878135256
24.06015037593985,N2,0.05182883439217048,0.0019534672063625793
25.563909774436087,N2,0.054748780264079006,0.001930107639387311
27.06766917293233,N2,0.05763380941410103,0.0019070274061871346
28.57142857142857,N2,0.060484339376506255,0.0018842231664878929
30.075187969924812,N2,0.06330078269268832,0.0018616916199584363
31.57894736842105,N2,0.0660835469708696,0.0018394295057329862
33.08270676691729,N2,0.06883303494509202,0.0018174336019392068
34.58646616541353,N2,0.07154964453350263,0.001795700725231922
36.09022556390977,N2,0.07423376889594194,0.0017742277303324076
37.59398496240601,N2,0.07688579649084398,0.0017530115095731912
39.097744360902254,N2,0.0795061111314555,0.001732048992448299
40.6015037593985,N2,0.08209509204138336,0.001711337145168876
42.10526315789473,N2,0.08465311390947715,0.0016908729702241256
43.609022556390975,N2,0.08718054694405619,0.0016706535059474933
45.11278195488722,N2,0.08967775692648755,0.0016506758260880425
46.616541353383454,N2,0.09214510526412346,0.0016309370393869553
48.1203007518797,N2,0.094582949042606,0.001611434289159095
49.62406015037594,N2,0.09699164107754596,0.0015921647528795754
51.127819548872175,N2,0.09937152996558397,0.0015731256417752713
52.63157894736842,N2,0.10172296013484099,0.001554314200421215
54.13533834586466,N2,0.10404627189476534,0.0015357277063418203
55.639097744360896,N2,0.10634180148538394,0.0015173634696168715
57.14285714285714,N2,0.10860988112596442,0.0014992188324922276
58.64661654135338,N2,0.11085083906309534,0.0014812911689951803
60.150375939849624,N2,0.11306499961819158,0.0014635778845544104
61.65413533834586,N2,0.11525268323443143,0.0014460764156244913
63.1578947368421,N2,0.11741420652313277,0.0014287842293148807
64.66165413533834,N2,0.1195498823095742,0.0014116988230233494
66.16541353383458,N2,0.12166001967826882,0.0013948177240737923
67.66917293233082,N2,0.12374492401769606,0.0013781384893583747
69.17293233082707,N2,0.12580489706449893,0.0013616587049839516
70.67669172932331,N2,0.12784023694715282,0.0013453759859227204
72.18045112781954,N2,0.12985123822911177,0.0013292879756670488
73.68421052631578,N2,0.13183819195143917,0.0013133923458884297
75.18796992481202,N2,0.13380138567492847,0.0012976867961005153
76.69172932330827,N2,0.13574110352172022,0.0012821690533261812
78.19548872180451,N2,0.13765762621642152,0.0012668368717685707
79.69924812030075,N2,0.13955123112673382,0.0012516880324860724
81.203007518797,N2,0.14142219230359457,0.0012367203430711864
82.70676691729322,N2,0.14327078052083936,0.0012219316373332282
84.21052631578947,N2,0.14509726331438944,0.0012073197749848275
85.71428571428571,N2,0.1469019050209706,0.001192882641332178
87.21804511278195,N2,0.14868496681636925,0.001178618146968989
88.7218045112782,N2,0.15044670675323096,0.0011645242274740952
90.22556390977444,N2,0.15218737979840688,0.001150598843112688
91.72932330827066,N2,0.15390723786985383,0.0011368399785411122
93.23308270676691,N2,0.15560652987309287,0.0011232456425152
94.73684210526315,N2,0.15728550173723216,0.0011098138676020857
96.2406015037594,N2,0.15894439645055863,0.0010965427098954738
97.74436090225564,N2,0.1605834540957047,0.0010834302487343053
99.24812030075188,N2,0.16220291188439379,0.0010704745864247927
100.75187969924812,N2,0.16380300419177085,0.0010576738479657762
102.25563909774435,N2,0.16538396259032204,0.0010450261807773667
103.75939849624059,N2,0.16694601588338912,0.0010325297544328301
105.26315789473684,N2,0.16848939013828268,0.0010201827603936815
106.76691729323308,N2,0.17001430871899975,0.001007983411747945
108.27067669172932,N2,0.17152099231855,0.000995929942951543
109.77443609022556,N2,0.17300965899089527,0.0009840206095727809
111.27819548872179,N2,0.17448052418250767,0.0009722536880398815
112.78195488721803,N2,0.17593380076354947,0.0009606274753915471
114.28571428571428,N2,0.17736969905868105,0.0009491402890304945
115.78947368421052,N2,0.17878842687749977,0.0009377904664799448
117.29323308270676,N2,0.18019018954461516,0.0009265763651430216
118.796992481203,N2,0.1815751899293645,0.000915496362065027
120.30075187969925,N2,0.18294362847517281,0.0009045488536985604
121.80451127819548,N2,0.18429570322856206,0.0008937322556714464
123.30827067669172,N2,0.18563160986781332,0.0008830450025574364
124.81203007518796,N2,0.18695154173128606,0.0008724855476496545
126.3157894736842,N2,0.18825568984539914,0.0008620523627367498
127.81954887218045,N2,0.18954424295227681,0.0008517439378817284
129.32330827067668,N2,0.19081738753706448,0.0008415587812034271
130.82706766917292,N2,0.19207530785491764,0.0008314954186606019
132.33082706766916,N2,0.19331818595766795,0.0008215523938385993
133.8345864661654,N2,0.19454620172017079,0.0008117282677385767
135.33834586466165,N2,0.19575953286633735,0.0008020216185692442
136.8421052631579,N2,0.19695835499485584,0.0007924310415410962
138.34586466165413,N2,0.1981428416046048,0.0007829551486631046
139.84962406015038,N2,0.19931316411976246,0.0007735925685418432
141.35338345864662,N2,0.2004694919146165,0.000764341946183011
142.85714285714286,N2,0.20161199233807606,0.0007552019427953345
144.36090225563908,N2,0.2027408307378916,0.0007461712355968102
145.86466165413532,N2,0.20385617048458476,0.0007372485176232648
147.36842105263156,N2,0.2049581729950918,0.0007284324975392085
148.8721804511278,N2,0.20604699775612484,0.0007197218994509443
150.37593984962405,N2,0.20712280234725344,0.0007111154627219154
151.8796992481203,N2,0.20818574246371,0.000702611941790263
153.38345864661653,N2,0.20923597193892307,0.0006942101059885584
154.88721804511277,N2,0.21027364276678046,0.0006859087393656994
156.39097744360902,N2,0.2112989051236266,0.0006777066405109302
157.89473684210526,N2,0.2123119073899966,0.0006696026223799701
159.3984962406015,N2,0.213312796172091,0.0006615955121232149
160.90225563909775,N2,0.2143017163229926,0.0006536841509160021
162.406015037594,N2,0.21527881096363075,0.000645867393790897
163.9097744360902,N2,0.21624422150349412,0.00063814410947199
165.41353383458645,N2,0.2171980876610966,0.0006305131802111701
166.9172932330827,N2,0.21814054748419734,0.0006229735016263642
168.42105263157893,N2,0.21907173736978003,0.0006155239825417027
169.92481203007517,N2,0.21999179208379285,0.0006081635448296002
171.42857142857142,N2,0.22090084478065233,0.0006008911232547242
172.93233082706766,N2,0.22179902702251403,0.0005937056653198307
174.4360902255639,N2,0.22268646879831297,0.0005866061311134392
175.93984962406014,N2,0.22356329854257592,0.0005795914931593356
177.4436090225564,N2,0.22442964315400923,0.0005726607362678691
178.94736842105263,N2,0.22528562801386415,0.0005658128573890297
180.45112781954887,N2,0.22613137700408253,0.0005590468654672827
181.95488721804512,N2,0.22696701252522555,0.0005523617812981385
183.45864661654133,N2,0.22779265551418806,0.0005457566373864384
184.96240601503757,N2,0.22860842546170135,0.0005392304778063322
186.46616541353382,N2,0.2294144404296258,0.0005327823580629365
187.96992481203006,N2,0.23021081706803803,0.0005264113449556387
189.4736842105263,N2,0.23099767063211252,0.0005201165164430428
190.97744360902254,N2,0.23177511499880207,0.0005138969615095263
192.4812030075188,N2,0.23254326268331843,0.0005077517800333955
193.98496240601503,N2,0.2333022248554162,0.0005016800826566132
195.48872180451127,N2,0.2340521113554817,0.0004956809906560892
196.99248120300751,N2,0.23479303071042945,0.0004897536358165073
198.49624060150376,N2,0.23552509014940892,0.00048389716030467156
200.0,N2,0.23624839561932306,0.00047811071654535844
201.50375939849624,N2,0.23696305180016128,0.0004723934670986527
203.00751879699246,N2,0.23766916212014955,0.00046674458453874656
204.5112781954887,N2,0.23836682877071866,0.0004611632513341937
206.01503759398494,N2,0.239056152721294,0.000455648659729591
207.51879699248119,N2,0.2397372337339082,0.0004502000116286773
209.02255639097743,N2,0.24041017037763926,0.0004448165184788289
210.52631578947367,N2,0.24107506004287582,0.00043949740115693635
212.0300751879699,N2,0.2417319989554119,0.0004342418898566478
213.53383458646616,N2,0.24238108219037321,0.00042904922397695724
215.0375939849624,N2,0.24302240368597683,0.00042391865201212833
216.54135338345864,N2,0.2436560562571263,0.00041884943144293254
218.04511278195488,N2,0.24428213160884432,0.0004138408286291884
219.54887218045113,N2,0.24490072034954455,0.00040889211870358657
221.05263157894737,N2,0.24551191200414496,0.0004040025854667833
222.55639097744358,N2,0.24611579502702444,0.0003991715212837474
224.06015037593983,N2,0.2467124568148239,0.00039439822698135175
225.56390977443607,N2,0.2473019837190951,0.0003896820117471822
227.0676691729323,N2,0.2478844610587976,0.0003850221930295621
228.57142857142856,N2,0.24845997313264667,0.00038041809643876956
230.0751879699248,N2,0.24902860323131315,0.0003758690556494377
231.57894736842104,N2,0.24959043364947786,0.00037137441230412004
233.08270676691728,N2,0.25014554569774156,0.0003669335159180105
234.58646616541353,N2,0.2506940197143926,0.0003625457237848022
236.09022556390977,N2,0.2512359350770337,0.0003582104008836735
237.593984962406,N2,0.25177137021407014,0.0003539269197873818
239.09774436090225,N2,0.25230040261606,0.0003496946605714628
240.6015037593985,N2,0.2528231088469291,0.00034551301072451013
242.1052631578947,N2,0.2533395645550514,0.0003413813650595317
243.60902255639095,N2,0.25384984448419756,0.00033729912562636245
245.1127819548872,N2,0.25435402248435196,0.00033326570162512726
246.61654135338344,N2,0.2548521715224006,0.0003292805093207383
248.12030075187968,N2,0.25534436369269115,0.00032534297195841377
249.62406015037593,N2,0.25583067022746697,0.0003214525196802072
251.12781954887217,N2,0.25631116150717603,0.0003176085894425347
252.6315789473684,N2,0.25678590707065657,0.00031381062493469035
254.13533834586465,N2,0.25725497562520133,0.0003100580764983323
255.6390977443609,N2,0.25771843505650094,0.0003063504010479354
257.1428571428571,N2,0.2581763524384687,0.00030268706199219333
258.64661654135335,N2,0.2586287940429479,0.0002990675291563596
260.1503759398496,N2,0.25907582534930296,0.00029549127870551927
261.65413533834584,N2,0.25951751105389576,0.0002919577930687769
263.1578947368421,N2,0.25995391507944887,0.00028846656086435195
264.6616541353383,N2,0.2603851005842969,0.00028501707682556754
266.16541353383457,N2,0.2608111299715268,0.00028160884172772873
267.6691729323308,N2,0.2612320648980091,0.00027824136231587016
269.17293233082705,N2,0.26164796628332143,0.0002749141512333715
270.6766917293233,N2,0.2620588943185649,0.0002716267269514239
272.18045112781954,N2,0.2624649084750752,0.00026837861369934134
273.6842105263158,N2,0.2628660675130296,0.00026516934139570613
275.187969924812,N2,0.2632624294899511,0.0002619984455803341
276.69172932330827,N2,0.26365405176911044,0.0002588654673470594
278.1954887218045,N2,0.26404099102782835,0.0002557699532773161
279.69924812030075,N2,0.264423303265678,0.0002527114553745191
281.203007518797,N2,0.26480104381258934,0.0002496895309992282
282.70676691729324,N2,0.265174267336857,0.0002467037428050869
284.2105263157895,N2,0.26554302785305195,0.00024375365867552735
285.7142857142857,N2,0.2659073787298386,0.0002408388516612341
287.21804511278197,N2,0.2662673726976989,0.00023795889991835173
288.72180451127815,N2,0.26662306185656337,0.00023511338664743598
290.2255639097744,N2,0.2669744976833516,0.00023230190003313035
291.72932330827064,N2,0.2673217310394217,0.00022952403318456937
293.2330827067669,N2,0.26766481217793187,0.000226779384076488
294.7368421052631,N2,0.2680037907511125,0.00022406755549104275
296.24060150375936,N2,0.2683387158174529,0.00022138815496031982
297.7443609022556,N2,0.26866963584880044,0.00021874079470953945
299.24812030075185,N2,0.2689965987373761,0.0002161250916009343
300.7518796992481,N2,0.2693196518027055,0.0002135406670782989
302.25563909774434,N2,0.2696388417984674,0.00021098714711220357
303.7593984962406,N2,0.26995421491925975,0.00020846416214586493
305.2631578947368,N2,0.27026581680728534,0.00020597134704166022
306.76691729323306,N2,0.27057369255895747,0.0002035083410282832
308.2706766917293,N2,0.2708778867314263,0.00020107478764853237
309.77443609022555,N2,0.2711784433490275,0.00019867033470772277
311.2781954887218,N2,0.27147540590965363,0.00019629463422271389
312.78195488721803,N2,0.27176881739104913,0.00019394734237154987
314.2857142857143,N2,0.27205872025703065,0.00019162811944369775
315.7894736842105,N2,0.27234515646363233,0.00018933662979088428
317.29323308270676,N2,0.2726281674651778,0.0001870725417785204
318.796992481203,N2,0.27290779422027994,0.0001848355277377034
320.30075187969925,N2,0.2731840771977683,0.00018262526391779632
321.8045112781955,N2,0.2734570563825461,0.00018044143043957427
323.30827067669173,N2,0.2737267712813769,0.00017828371124892773
324.812030075188,N2,0.2739932609286022,0.00017615179407112525
326.3157894736842,N2,0.2742565638917909,0.00017404537036561551
327.8195488721804,N2,0.2745167182773207,0.00017196413528137723
329.32330827067665,N2,0.2747737617358931,0.00016990778761279834
330.8270676691729,N2,0.2750277314679824,0.00016787602975608395
332.33082706766913,N2,0.2752786642292195,0.00016586856766618707
333.8345864661654,N2,0.27552659633571136,0.00016388511081425207
335.3383458646616,N2,0.2757715636692969,0.0001619253721455678
336.84210526315786,N2,0.2760136016827397,0.00015998906803802538
338.3458646616541,N2,0.2762527454048593,0.0001580759182610687
339.84962406015035,N2,0.2764890294456004,0.00015618564593513983
341.3533834586466,N2,0.2767224880010418,0.00015431797749160836
342.85714285714283,N2,0.27695315485834576,0.00015247264263317683
344.3609022556391,N2,0.2771810634006472,0.00015064937429476544
345.8646616541353,N2,0.27740624661188557,0.00014884790860485842
347.36842105263156,N2,0.2776287370815783,0.00014706798484731643
348.8721804511278,N2,0.27784856700953725,0.00014530934542364494
350.37593984962405,N2,0.27806576821052875,0.0001435717358157129
351.8796992481203,N2,0.2782803721188782,0.00014185490454891747
353.38345864661653,N2,0.27849240979301904,0.00014015860315579065
354.8872180451128,N2,0.27870191191998805,0.0001384825861400385
356.390977443609,N2,0.2789089088198663,0.00013682661094101256
357.89473684210526,N2,0.2791134304501671,0.00013519043789860598
359.3984962406015,N2,0.2793155064101719,0.00013357383021856783
360.90225563909775,N2,0.27951516594521364,0.00013197655393823384
362.406015037594,N2,0.2797124379509097,0.00013039837789266518
363.90977443609023,N2,0.27990735097734354,0.00012883907368119464
365.4135338345865,N2,0.2800999332331964,0.00012729841563437194
366.91729323308266,N2,0.2802902125898303,0.0001257761807813007
368.4210526315789,N2,0.2804782165853213,0.00012427214881737257
369.92481203007515,N2,0.28066397242844504,0.0001227861020723826
371.4285714285714,N2,0.28084750700261457,0.00012131782547902637
372.93233082706763,N2,0.2810288468697711,0.00011986710654177425
374.4360902255639,N2,0.2812080182742279,0.00011843373530611956
375.9398496240601,N2,0.2813850471464687,0.00011701750432819313
377.44360902255636,N2,0.28155995910690057,0.00011561820864473837
378.9473684210526,N2,0.2817327794695614,0.00011423564574345191
380.45112781954884,N2,0.281903533245784,0.00011286961553367104
381.9548872180451,N2,0.2820722451478154,0.00011151992031741954
383.45864661654133,N2,0.28223893959239366,0.00011018636476079369
384.9624060150376,N2,0.28240364070428126,0.00010886875586569289
386.4661654135338,N2,0.2825663723197568,0.00010756690294188865
387.96992481203006,N2,0.2827271579900645,0.00010628061757942708
389.4736842105263,N2,0.28288602098482285,0.00010500971362136014
390.97744360902254,N2,0.283042984295392,0.00010375400713680705
392.4812030075188,N2,0.2831980706382015,0.00010251331639433082
393.98496240601503,N2,0.2833513024580377,0.00010128746183564142
395.4887218045113,N2,0.2835027019312921,0.00010007626604960595
396.9924812030075,N2,0.28365229096917094,9.887955374657542e-05
398.49624060150376,N2,0.283800091220866,9.769715173301474e-05
400.0,N2,0.2839461240766882,9.652888888643751e-05
401.50375939849624,N2,0.2840904106711628,9.537459613064048e-05
403.0075187969925,N2,0.2842329718860885,9.423410641123508e-05
404.51127819548867,N2,0.2843738283535594,9.310725467146774e-05
406.0150375939849,N2,0.28451300045895084,9.199387782833624e-05
407.51879699248116,N2,0.28465050834386996,9.089381474898329e-05
409.0225563909774,N2,0.28478637190907025,8.980690622738097e-05
410.52631578947364,N2,0.28492061081733216,8.873299496128562e-05
412.0300751879699,N2,0.28505324449630837,8.767192552947601e-05
413.5338345864661,N2,0.2851842921413358,8.662354436925668e-05
415.03759398496237,N2,0.2853137727182133,8.558769975423663e-05
416.5413533834586,N2,0.28544170496594673,8.45642417723691e-05
418.04511278195486,N2,0.28556810739946087,8.3553022304256e-05
419.5488721804511,N2,0.2856929983122789,8.255389500171173e-05
421.05263157894734,N2,0.2858163957791702,8.156671526658154e-05
422.5563909774436,N2,0.2859383176587656,8.059134022981818e-05
424.0601503759398,N2,0.2860587815961428,7.962762873080065e-05
425.56390977443607,N2,0.2861778050253793,7.86754412969084e-05
427.0676691729323,N2,0.286295405172076,7.773464012333475e-05
428.57142857142856,N2,0.28641159905585006,7.680508905314243e-05
430.0751879699248,N2,0.2865264034927978,7.588665355756063e-05
431.57894736842104,N2,0.28663983509792873,7.49792007165131e-05
433.0827067669173,N2,0.28675191028757,7.408259919938277e-05
434.5864661654135,N2,0.28686264528174243,7.319671924600346e-05
436.09022556390977,N2,0.28697205610650744,7.232143264788338e-05
437.593984962406,N2,0.2870801585962871,7.14566127296461e-05
439.09774436090225,N2,0.2871869683961552,7.060213433070128e-05
440.6015037593985,N2,0.2872925009641018,6.97578737871285e-05
442.10526315789474,N2,0.28739677157327015,6.892370891378175e-05
443.6090225563909,N2,0.2874997953141673,6.809951898660449e-05
445.11278195488717,N2,0.28760158709684797,6.72851847251592e-05
446.6165413533834,N2,0.2877021616530724,6.648058827536385e-05
448.12030075187965,N2,0.2878015335384383,6.56856131924366e-05
449.6240601503759,N2,0.2878997171344876,6.490014442404224e-05
451.12781954887214,N2,0.2879967266507876,6.412406829364193e-05
452.6315789473684,N2,0.28809257612698774,6.3357272484041e-05
454.1353383458646,N2,0.2881872794348512,6.259964602113355e-05
455.63909774436087,N2,0.2882808502802623,6.18510792578446e-05
457.1428571428571,N2,0.28837330220521085,6.111146385825617e-05
458.64661654135335,N2,0.28846464858975107,6.0380692781934367e-05
460.1503759398496,N2,0.2885549026539388,5.9658660268432584e-05
461.65413533834584,N2,0.2886440774597441,5.8945261821990336e-05
463.1578947368421,N2,0.28873218591294214,5.824039419640581e-05
464.6616541353383,N2,0.2888192407649807,5.754395538009716e-05
466.16541353383457,N2,0.2889052546148258,5.6855844581336526e-05
467.6691729323308,N2,0.28899023991078493,5.61759622136635e-05
469.17293233082705,N2,0.2890742089523087,5.550420988147353e-05
470.6766917293233,N2,0.2891571738917707,5.484049036577732e-05
472.18045112781954,N2,0.28923914673622664,5.4184707610129835e-05
473.6842105263158,N2,0.28932013934915174,5.353676670672902e-05
475.187969924812,N2,0.28940016345215763,5.289657388268188e-05
476.69172932330827,N2,0.28947923062668907,5.226403648643041e-05
478.1954887218045,N2,0.2895573523156997,5.163906297434551e-05
479.69924812030075,N2,0.28963453982530823,5.102156289747706e-05
481.203007518797,N2,0.28971080432643503,5.0411446888462666e-05
482.7067669172932,N2,0.28978615685641834,4.98086266485962e-05
484.2105263157894,N2,0.289860608320612,4.921301493504693e-05
485.71428571428567,N2,0.28993416949396356,4.862452554823449e-05
487.2180451127819,N2,0.2900068510225736,4.804307331935398e-05
488.72180451127815,N2,0.2900786634252368,4.74685740980485e-05
490.2255639097744,N2,0.29014961709496395,4.690094474023132e-05
491.72932330827064,N2,0.2902197223004861,4.634010309605419e-05
493.2330827067669,N2,0.29028898918774093,4.578596799801549e-05
494.7368421052631,N2,0.29035742778134094,4.5238459249215435e-05
496.24060150375936,N2,0.29042504798602414,4.4697497611749795e-05
497.7443609022556,N2,0.2904918595880879,4.416300479523993e-05
499.24812030075185,N2,0.2905578722568048,4.363490344550458e-05
500.7518796992481,N2,0.29062309554582233,4.31131171333643e-05
502.25563909774434,N2,0.29068753889454535,4.2597570343580136e-05
503.7593984962406,N2,0.29075121162950246,4.208818846392326e-05
505.2631578947368,N2,0.29081412296569537,4.158489777438002e-05
506.76691729323306,N2,0.290876282007933,4.1087625436479145e-05
508.2706766917293,N2,0.2909376977521487,4.059629948275312e-05
509.77443609022555,N2,0.2909983790867026,4.011084880632199e-05
511.2781954887218,N2,0.29105833479366783,3.963120315060031e-05
512.781954887218,N2,0.2911175735501012,3.915729309913329e-05
514.2857142857142,N2,0.29117610392929955,3.868905006554657e-05
515.7894736842105,N2,0.29123393440204004,3.822640628362262e-05
517.2932330827067,N2,0.29129107333780624,3.776929479749303e-05
518.796992481203,N2,0.29134752900599953,3.731764945194671e-05
520.3007518796992,N2,0.2914033095771356,3.687140488285801e-05
521.8045112781955,N2,0.29145842312402725,3.6430496507724896e-05
523.3082706766917,N2,0.29151287762295247,3.599486051632317e-05
524.812030075188,N2,0.29156668095480887,3.556443386147201e-05
526.3157894736842,N2,0.29161984090625437,3.513915424990799e-05
527.8195488721805,N2,0.2916723651708339,3.4718960133271806e-05
529.3233082706766,N2,0.29172426135009294,3.430379069919942e-05
530.827067669173,N2,0.2917755369546778,3.389358586252067e-05
532.3308270676691,N2,0.29182619940542237,3.348828625656397e-05
533.8345864661654,N2,0.29187625603442213,3.308783322456588e-05
535.3383458646616,N2,0.2919257140860955,3.269216881117876e-05
536.8421052631579,N2,0.29197458071823196,3.2301235754087274e-05
538.3458646616541,N2,0.29202286300302815,3.19149774757177e-05
539.8496240601503,N2,0.2920705679281115,3.15333380750511e-05
541.3533834586466,N2,0.2921177023975512,3.115626231953339e-05
542.8571428571428,N2,0.29216427323285765,3.0783695637081724e-05
544.3609022556391,N2,0.2922102871739695,3.041558410818679e-05
545.8646616541353,N2,0.29225575088022937,3.0051874458107976e-05
547.3684210526316,N2,0.2923006709313474,2.9692514049163953e-05
548.8721804511277,N2,0.2923450538283533,2.9337450873116566e-05
550.375939849624,N2,0.2923889059945377,2.898663354364128e-05
551.8796992481202,N2,0.29243223377638156,2.8640011288890487e-05
553.3834586466165,N2,0.2924750434444743,2.829753394414869e-05
554.8872180451127,N2,0.2925173411944218,2.795915194456855e-05
556.390977443609,N2,0.2925591331477429,2.7624816317999733e-05
557.8947368421052,N2,0.2926004253527552,2.7294478677901248e-05
559.3984962406015,N2,0.2926412237854506,2.6968091216338143e-05
560.9022556390977,N2,0.29268153435035993,2.664560669706351e-05
562.406015037594,N2,0.2927213628814078,2.6326978448680373e-05
563.9097744360902,N2,0.2927607151427566,2.6012160357890223e-05
565.4135338345865,N2,0.29279959682964085,2.5701106862816126e-05
566.9172932330827,N2,0.29283801356919154,2.5393772946410655e-05
568.421052631579,N2,0.29287597092125023,2.509011412994111e-05
569.9248120300751,N2,0.2929134743791741,2.4790086466550233e-05
571.4285714285714,N2,0.29295052937063054,2.4493646534898607e-05
572.9323308270676,N2,0.29298714125838304,2.4200751432878586e-05
574.4360902255639,N2,0.29302331534106707,2.3911358771406378e-05
575.9398496240601,N2,0.29305905685395706,2.362542666828649e-05
577.4436090225563,N2,0.29309437096972385,2.3342913742152137e-05
578.9473684210526,N2,0.2931292627991836,2.3063779106474058e-05
580.4511278195488,N2,0.29316373739203744,2.2787982363643435e-05
581.9548872180451,N2,0.2931977997376018,2.2515483599128584e-05
583.4586466165413,N2,0.29323145476553125,2.224624337569292e-05
584.9624060150376,N2,0.2932647073465312,2.198022272769329e-05
586.4661654135338,N2,0.2932975622930633,2.1717383155436475e-05
587.9699248120301,N2,0.2933300243600419,2.1457686619607675e-05
589.4736842105262,N2,0.2933620982455218,2.1201095535768657e-05
590.9774436090225,N2,0.29339378859137866,2.094757276891368e-05
592.4812030075187,N2,0.2934250999839804,2.069708162809958e-05
593.984962406015,N2,0.2934560369548513,2.0449585861132658e-05
595.4887218045112,N2,0.2934866039813276,2.0205049649322238e-05
596.9924812030075,N2,0.2935168054872055,1.9963437602299017e-05
598.4962406015037,N2,0.29354664584338147,1.972471475289117e-05
600.0,N2,0.29357612936848476,1.948884655206484e-05
