area_m2,flow_m3_h,salt_kg_h,permeate_m3_h,permeate_salt_kg_h,bulk_g_L,surface_g_L,local_permeate_mg_L,flux_L_m2_h,pressure_bar,net_driving_bar
0.0,14.791666666666666,473.3333333333333,0.0,0.0,32.0,40.00027247361466,59.1561116272147,33.528107262636176,55.0,23.488335035550666
0.30833333333333335,14.78133276138178,473.33272162626315,0.010333905284886894,0.0006117070701454374,32.02233041278311,40.02138842385664,59.23228543525247,33.50262838365717,54.99875,23.470485640082977
0.6166666666666667,14.771006713319984,473.33210959699454,0.020659953346681265,0.0012237363387721076,32.04467500310321,40.0425116272431,59.30859993306095,33.47714149477126,54.9975,23.452630633222572
0.925,14.76068852494772,473.3314972454187,0.030978141718945335,0.0018360879146353697,32.06703375966638,40.06364206516251,59.38505543111668,33.45164661728806,54.99625,23.43477002989801
1.2333333333333334,14.750378198724844,473.33088457142713,0.04128846794182194,0.002448761906200415,32.08940667110123,40.08477971894563,59.461652240646764,33.426143772582975,54.995,23.41690384508399
1.5416666666666667,14.740075737104611,473.33027157491165,0.05159092956205487,0.0030617584216413754,32.111793725958684,40.105924569865465,59.538390673630445,33.400632982097356,54.99375,23.399032093801374
1.85,14.729781142533657,473.32965825576446,0.06188552413300914,0.003675077568840426,32.134194912711884,40.12707659913722,59.61527104280128,33.375114267338425,54.9925,23.381154791117215
2.158333333333333,14.719494417451974,473.3290446138779,0.07217224921469127,0.004288719455386886,32.156610219756026,40.148235787918175,59.69229366164946,33.34958764987889,54.99125,23.363271952144856
2.466666666666667,14.709215564292897,473.3284306491447,0.0824511023737697,0.004902684188576324,32.17903963540822,40.16940211730794,59.76945884442222,33.32405315135804,54.99,23.34538359204375
2.7750000000000004,14.698944585483071,473.3278163614579,0.09272208118359504,0.00551697187540966,32.2014831479074,40.190575568348386,59.8467669061263,33.2985107934814,54.98875,23.327489726019493
3.0833333333333335,14.688681483442446,473.3272017507107,0.10298518322422055,0.006131582622592264,32.223940745414104,40.211756122023374,59.92421816253061,33.272960598020155,54.9875,23.309590369324045
3.3916666666666666,14.678426260584244,473.32658681679675,0.1132404060824224,0.0067465165365330655,32.24641241601039,40.23294375925892,60.00181293016763,33.247402586811575,54.98625,23.291685537255624
3.7,14.668178919314945,473.32597155960997,0.12348774735172027,0.007361773723343656,32.26889814769971,40.25413846092314,60.07955152633537,33.22183678175893,54.985,23.273775245158728
4.008333333333334,14.65793946203427,473.32535597904445,0.13372720463239748,0.007977354288837387,32.29139792840672,40.27534020782621,60.15743426909921,33.19626320483161,54.98375,23.255859508424148
4.316666666666666,14.647707891135145,473.3247400749948,0.14395877553152178,0.008593258338528463,32.313911745977194,40.296548980720424,60.23546147729383,33.17068187806509,54.9825,23.23793834248897
4.625,14.637484209003699,473.3241238473557,0.15418245766296754,0.009209485977630959,32.336439588177875,40.317764760300065,60.313633470525204,33.14509282356099,54.98125,23.220011762836666
4.933333333333334,14.627268418019234,473.3235072960222,0.16439824864743124,0.009826037311058116,32.35898144269631,40.33898752720151,60.391950569172245,33.119496063487084,54.98,23.202079784996958
5.241666666666667,14.617060520554212,473.32289042088985,0.17460614611245392,0.010442912443421389,32.38153729714075,40.360217262003104,60.470413094389144,33.093891620077294,54.97875,23.184142424546028
5.550000000000001,14.606860518974225,473.3222732218543,0.18480614769244239,0.011060111479029478,32.40410713904001,40.381453945225246,60.549021368106864,33.06827951563178,54.9775,23.166199697106343
5.858333333333333,14.596668415637977,473.3216556988114,0.1949982510286897,0.01167763452188745,32.42669095584329,40.40269755733027,60.62777571303543,33.042659772516835,54.97625,23.14825161834681
6.166666666666667,14.58648421289727,473.3210378516576,0.2051824537693957,0.012295481675695826,32.449288734920124,40.42394807872256,60.70667645266567,33.01703241316504,54.975,23.13029820398266
6.4750000000000005,14.57630791309698,473.32041968028943,0.21535875356968714,0.012913653043849681,32.47190046356016,40.445205489748396,60.78572391127118,32.99139746007516,54.97375,23.1123394697756
6.783333333333333,14.566139518575028,473.3198011846039,0.22552714809163826,0.013532148729437747,32.4945261289731,40.46646977069605,60.86491841391038,32.965754935812235,54.9725,23.0943754315337
7.091666666666667,14.555979031662375,473.31918236449803,0.23568763500429132,0.014150968835241529,32.5171657182885,40.487740901795725,60.94426028642821,32.94010486300762,54.97125,23.07640610511149
7.4,14.54582645468299,473.31856321986953,0.24584021198367667,0.014770113463734367,32.53981921855571,40.50901886321956,61.02374985545843,32.91444726435889,54.97,23.058431506409924
7.708333333333334,14.535681789953832,473.3179437506162,0.2559848767128335,0.015389582717080571,32.56248661674366,40.530303635081594,61.1033874484253,32.888782162629965,54.96875,23.040451651376404
8.016666666666667,14.525545039784836,473.3173239566362,0.2661216268818301,0.016009376697134505,32.58516789974081,40.55159519743779,61.18317339354571,32.86310958065104,54.9675,23.02246655600479
8.325000000000001,14.515416206478882,473.31670383782784,0.27625046018778443,0.01662949550543969,32.60786305435495,40.572893530286,61.26310801983103,32.837429541318684,54.96625,23.00447623633541
8.633333333333333,14.505295292331782,473.3160833940901,0.28637137433488435,0.017249939243227888,32.63057206731313,40.594198613566,61.3431916570892,32.81174206759578,54.965,22.986480708455044
8.941666666666666,14.495182299632258,473.31546262532186,0.2964843670344084,0.01787070801141823,32.65329492526147,40.61551042715938,61.4234246359266,32.78604718251157,54.96375,22.968479988497002
9.25,14.48507723066192,473.3148415314227,0.30658943600474586,0.018491801910616286,32.67603161476508,40.63682895088965,61.50380728775012,32.76034490916163,54.9625,22.950474092641052
9.558333333333334,14.474980087695249,473.31422011229216,0.31668657897141755,0.01911322104111318,32.6987821223079,40.65815416452219,61.584339944769084,32.73463527070799,54.96125,22.93246303711347
9.866666666666667,14.46489087299957,473.3135983678304,0.32677579366709597,0.019734965502884665,32.721546434292584,40.6794860477642,61.66502293999729,32.70891829037896,54.96,22.914446838187033
10.175,14.45480958883504,473.3129762979377,0.3368570778316261,0.020357035395590264,32.74432453704038,40.70082458026478,61.74585660725501,32.683193991469324,54.95875,22.89642551218102
10.483333333333334,14.44473623745462,473.3123539025147,0.34693042921204564,0.02097943081857232,32.76711641679097,40.72216974161483,61.82684128117094,32.65746239734021,54.9575,22.878399075461274
10.791666666666668,14.43467082110406,473.31173118146245,0.35699584556260544,0.02160215187085513,32.78992205970239,40.743521511347126,61.90797729718426,32.63172353141921,54.95625,22.860367544440088
11.100000000000001,14.424613342021877,473.3111081346822,0.36705332464479024,0.02222519865114401,32.81274145185086,40.764879868936255,61.98926499154659,32.605977417200286,54.955,22.84233093557637
11.408333333333333,14.414563802439327,473.3104847620755,0.37710286422733874,0.022848571257824406,32.83557457923068,40.786244793798666,62.07070470132409,32.58022407824389,54.95375,22.82428926537549
11.716666666666667,14.4045222045804,473.30986106354436,0.38714446208626463,0.023472269788961032,32.8584214277541,40.80761626529261,62.15229676439942,32.5544635381768,54.9525,22.806242550389392
12.025,14.394488550661789,473.309237038991,0.39717811600487646,0.02409629434229688,32.88128198325119,40.828994262718176,62.23404151947381,32.52869582069232,54.95125,22.788190807216544
12.333333333333334,14.384462842892868,473.308612688318,0.4072038237737987,0.024720645015252396,32.90415623146972,40.850378765317274,62.31593930606896,32.50292094955018,54.95,22.77013405250198
12.641666666666667,14.374445083475674,473.3079880114284,0.41722158319099173,0.02534532190492453,32.927044158075056,40.87176975227366,62.39799046452939,32.47713894857648,54.94875,22.752072302937258
12.950000000000001,14.364435274604894,473.3073630082252,0.4272313920617726,0.025970325108085866,32.949945748649974,40.89316720271285,62.48019533602404,32.451349841663884,54.9475,22.734005575260518
13.258333333333335,14.354433418467831,473.30673767861214,0.4372332481988354,0.026595654721183675,32.972860988694606,40.914571095702264,62.562554262548645,32.42555365277142,54.94625,22.715933886256423
13.566666666666666,14.344439517244394,473.306112022493,0.4472271494222719,0.02722131084033906,32.99578986362629,40.9359814102511,62.64506758692781,32.39975040592459,54.945,22.697857252756187
13.875,14.334453573107075,473.30548603977195,0.45721309355959205,0.027847293561346038,33.01873235877943,40.95739812531037,62.72773565281671,32.37394012521538,54.94375,22.67977569163761
14.183333333333334,14.324475588220922,473.3048597303536,0.46719107844574415,0.0284736029796706,33.0416884594054,40.97882121977292,62.8105588047036,32.34812283480217,54.9425,22.66168921982502
14.491666666666667,14.31450556474353,473.30423309414283,0.4771611019231357,0.02910023919044985,33.064658150672415,41.00025067247343,62.893537387911564,32.32229855890984,54.94125,22.643597854289304
14.8,14.304543504825013,473.30360613104483,0.48712316184165366,0.0297272022884911,33.08764141766541,41.02168646218842,62.976671748600694,32.29646732182974,54.94,22.6255016120479
15.108333333333334,14.294589410607982,473.302978840965,0.4970772560586852,0.030354492368270945,33.11063824538591,41.0431285676362,63.05996223377021,32.27062914791961,54.93875,22.60740051016483
15.416666666666668,14.284643284227528,473.30235122380935,0.5070233824391377,0.03098210952393435,33.13364861875192,41.06457696747698,63.14340919126049,32.24478406160369,54.9375,22.589294565750613
15.725000000000001,14.274705127811206,473.301723279484,0.51696153885546,0.0316100538492938,33.156672522597816,41.086031640312754,63.22701296975508,32.21893208737266,54.93625,22.571183795962362
16.033333333333335,14.264774943479004,473.30109500789547,0.5268917231876623,0.03223832543782834,33.17970994167421,41.10749256468738,63.31077391878302,32.19307324978359,54.935,22.553068218003745
16.34166666666667,14.254852733343329,473.3004664089506,0.5368139333233364,0.0328669243826827,33.20276086064783,41.12895971908657,63.3946923887206,32.16720757346008,54.93375,22.53494784912492
16.650000000000002,14.244938499508988,473.29983748255665,0.5467281671576771,0.033495850776666364,33.22582526410142,41.15043308193792,63.47876873079382,32.141335083092095,54.9325,22.516822706622634
16.958333333333336,14.235032244073164,473.29920822862107,0.556634422593502,0.03412510471225273,33.24890313653359,41.17191263161084,63.56300329708017,32.11545580343608,54.93125,22.498692807840165
17.266666666666666,14.225133969125395,473.2985786470517,0.5665326975412723,0.034754686281578136,33.27199446235877,41.19339834641666,63.647396440511066,32.089569759314834,54.93,22.480558170167306
17.575,14.215243676747553,473.2979487377569,0.5764229899191128,0.03538459557644098,33.295099225907,41.21489020460855,63.731948514873615,32.06367697561764,54.92875,22.462418811040408
17.883333333333333,14.205361369013833,473.297318500645,0.586305297652833,0.036014832688300843,33.318217411423895,41.23638818438163,63.81665987481303,32.03777747730017,54.9275,22.444274747942288
18.191666666666666,14.195487047990719,473.296687935625,0.5961796186759473,0.03664539770827756,33.34134900307046,41.257892263872854,63.90153087583458,32.011871289384466,54.92625,22.426125998402348
18.5,14.18562071573697,473.29605704260615,0.6060459509296953,0.0372762907271503,33.364493984923065,41.279402421161116,63.986561874305906,31.985958436958978,54.925,22.40797257999646
18.808333333333334,14.175762374303604,473.29542582149793,0.6159042923630625,0.03790751183535672,33.387652340973226,41.30091863426725,64.0717532274588,31.96003894517857,54.92375,22.389814510346994
19.116666666666667,14.165912025733865,473.2947942722103,0.6257546409328012,0.03853906112299199,33.4108240551276,41.322440881154,64.1571052933919,31.934112839264394,54.9225,22.371651807122838
19.425,14.156069672063216,473.2941623946535,0.6355969946034494,0.039170938679807976,33.434009111207764,41.34396913972605,64.24261843107217,31.908180144504076,54.92125,22.35348448803937
19.733333333333334,14.146235315319313,473.2935301887381,0.6454313513473535,0.03980314459521225,33.457207492950204,41.36550338783005,64.32829300033768,31.882240886251488,54.92,22.335312570858427
20.041666666666668,14.13640895752198,473.29289765437505,0.6552577091446868,0.040435678958267246,33.48041918400614,41.38704360325463,64.41412936189933,31.85629508992687,54.91875,22.317136073388333
20.35,14.126590600683194,473.2922647914756,0.6650760659834712,0.041068541857689336,33.503644167941424,41.4085897637304,64.50012787734323,31.830342781016796,54.9175,22.298955013483848
20.658333333333335,14.11678024680707,473.2916315999515,0.674886419859597,0.04170173338184795,33.52688242823646,41.430141846929956,64.58628890913276,31.80438398507414,54.91625,22.28076940904623
20.96666666666667,14.106977897889822,473.29099807971454,0.6846887687768436,0.04233525361876461,33.55013394828607,41.45169983046793,64.67261282061078,31.778418727718062,54.915,22.262579278023125
21.275000000000002,14.097183555919766,473.2903642306772,0.6944831107468997,0.042969102656112146,33.57339871139938,41.47326369190097,64.75909997600186,31.75244703463399,54.91375,22.24438463840867
21.583333333333336,14.087397222877282,473.2897300527521,0.7042694437893844,0.04360328058121368,33.59667670079973,41.49483340872779,64.84575074041439,31.72646893157364,54.9125,22.22618550824334
21.89166666666667,14.0776189007348,473.28909554585226,0.7140477659318668,0.044237787481041776,33.619967899624584,41.51640895838916,64.9325654798428,31.70048444435492,54.91125,22.207981905614083
22.200000000000003,14.06784859145678,473.28846070989107,0.7238180752098865,0.04487262344221753,33.643272290925346,41.537990318267916,65.01954456116967,31.674493598862014,54.91,22.18977384865422
22.508333333333333,14.058086296999692,473.28782554478227,0.7335803696669747,0.045507788551009676,33.666589857667354,41.55957746568903,65.1066883521681,31.648496421045287,54.90875,22.171561355543453
22.816666666666666,14.048332019311992,473.28719005043996,0.7433346473546745,0.04614328289333369,33.68992058272971,41.581170377919584,65.19399722150384,31.622492936921294,54.9075,22.153344444507837
23.125,14.038585760334106,473.28655422677855,0.7530809063325602,0.04677910655475091,33.7132644489052,41.60276903216878,65.2814715387373,31.596483172572743,54.90625,22.13512313381981
23.433333333333334,14.028847521998406,473.2859180737128,0.7628191446682591,0.04741525962046757,33.73662143890016,41.624373405588,65.3691116743261,31.57046715414853,54.905,22.11689744179813
23.741666666666667,14.019117306229194,473.28528159115797,0.7725493604374714,0.048051742175333936,33.75999153533443,41.64598347527084,65.4569179996271,31.544444907863628,54.90375,22.09866738680786
24.05,14.009395114942677,473.28464477902946,0.7822715517239894,0.048688554303843445,33.783374720741186,41.667599218253045,65.54489088689861,31.518416459999123,54.9025,22.08043298726041
24.358333333333334,13.999680950046946,473.2840076372432,0.7919857166197205,0.049325696090131765,33.80677097756689,41.68922061151262,65.63303070930272,31.492381836902194,54.90125,22.062194261613456
24.666666666666668,13.989974813441961,473.2833701657153,0.8016918532247047,0.04996316761797588,33.830180288171164,41.71084763196982,65.72133784090731,31.466341064986082,54.9,22.043951228370965
24.975,13.980276707019529,473.2827323643625,0.8113899596471374,0.05060096897079326,33.853602634826686,41.732480256487186,65.80981265668873,31.44029417073,54.89875,22.025703906083137
25.283333333333335,13.970586632663277,473.28209423310165,0.8210800340033878,0.05123910023164088,33.87703799971911,41.754118461869545,65.89845553253359,31.414241180679237,54.8975,22.007452313346434
25.59166666666667,13.960904592248646,473.28145577185006,0.8307620744180205,0.0518775614832144,33.90048636494692,41.775762224864046,65.9872668452412,31.388182121445034,54.89625,21.98919646880354
25.900000000000002,13.95123058764285,473.28081698052546,0.8404360790238156,0.05251635280784722,33.92394771252141,41.79741152216021,66.07624697252588,31.362117019704552,54.895,21.970936391143333
26.208333333333336,13.941564620704877,473.2801778590458,0.8501020459617881,0.053155474287509594,33.94742202436652,41.819066330389944,66.16539629301916,31.336045902200933,54.89375,21.952672099100845
26.51666666666667,13.931906693285455,473.2795384073295,0.8597599733812095,0.0537949260038077,33.97090928231874,41.84072662612751,66.25471518627197,31.30996879574316,54.8925,21.934403611457356
26.825000000000003,13.922256807227038,473.2788986252953,0.8694098594396279,0.054434708037982865,33.99440946812707,41.86239238588968,66.34420403275699,31.283885727206147,54.89125,21.916130947040187
27.133333333333333,13.912614964363778,473.2782585128624,0.8790517023028873,0.055074820470910474,34.017922563452856,41.88406358613563,66.43386321387112,31.257796723530568,54.89,21.897854124722848
27.441666666666666,13.902981166521517,473.2776180699502,0.8886855001451491,0.05571526338309932,34.04144854986974,41.90574020326706,66.52369311193736,31.231701811722928,54.88875,21.879573163424936
27.75,13.893355415517753,473.2769772964786,0.8983112511489119,0.05635603685469047,34.06498740886356,41.927422213628184,66.61369411020735,31.20560101885555,54.8875,21.86128808211211
28.058333333333334,13.883737713161635,473.27633619236786,0.907928953505031,0.056997140965456494,34.08853912183223,41.94910959350578,66.70386659286373,31.17949437206643,54.88625,21.842998899796086
28.366666666666667,13.874128061253925,473.2756947575385,0.9175386054127402,0.05763857579480061,34.11210367008566,41.97080231912921,66.79421094502217,31.153381898559328,54.885,21.824705635534634
28.675,13.864526461586996,473.27505299191154,0.9271402050796708,0.058280341421755685,34.135681034845696,41.992500366670455,66.88472755273402,31.127263625603657,54.88375,21.80640830843152
28.983333333333334,13.854932915944794,473.2744108954083,0.9367337507218725,0.058922437924983403,34.159271197245985,42.01420371224414,66.9754168029883,31.10113958053445,54.8825,21.788106937636492
29.291666666666668,13.845347426102833,473.2737684679505,0.9463192405638332,0.05956486538277336,34.18287413833189,42.035912331907596,67.06627908371419,31.07500979075238,54.88125,21.769801542345242
29.6,13.835769993828166,473.27312570946026,0.9558966728384998,0.06020762387304224,34.206489839060424,42.05762620166085,67.15731478378338,31.04887428372365,54.88,21.75149214179944
29.908333333333335,13.826200620879368,473.27248261985994,0.9654660457872977,0.06085071347333276,34.23011828030014,42.07934529744672,67.24852429301224,31.022733086980022,54.87875,21.733178755286602
30.21666666666667,13.816639309006515,473.2718391990725,0.975027357660151,0.06149413426081293,34.25375944283104,42.10106959515077,67.33990800216425,30.996586228118755,54.8775,21.714861402140187
30.525000000000002,13.807086059951162,473.271195447021,0.9845806067155038,0.062137886312275126,34.277413307344524,42.12279907060145,67.43146630295242,30.970433734802533,54.87625,21.69654010173946
30.833333333333336,13.797540875446327,473.2705513636292,0.9941257912203391,0.06278196970413516,34.301079854443245,42.14453369957002,67.52319958804144,30.94427563475947,54.875,21.678214873509553
31.14166666666667,13.788003757216467,473.26990694882085,1.0036629094501994,0.06342638451243143,34.32475906464106,42.16627345777067,67.61510825105019,30.918111955783072,54.87375,21.659885736921368
31.450000000000003,13.778474706977459,473.26926220252045,1.013191959689207,0.06407113081282406,34.34845091836294,42.18801832086054,67.70719268655407,30.891942725732143,54.8725,21.641552711491585
31.758333333333336,13.768953726436582,473.26861712465274,1.022712940230084,0.0647162086805939,34.372155395944894,42.20976826443977,67.79945329008727,30.865767972530794,54.87125,21.62321581678261
32.06666666666667,13.759440817292493,473.26797171514266,1.0322258493741723,0.06536161819064178,34.39587247763385,42.23152326405146,67.8918904581452,30.839587724168386,54.87,21.604875072402585
32.375,13.749935981235211,473.26732597391583,1.041730685431454,0.06600735941748748,34.4196021435876,42.253283295181824,67.98450458818685,30.813402008699494,54.86875,21.586530498005338
32.68333333333334,13.740439219946094,473.26667990089805,1.0512274467205713,0.06665343243526901,34.44334437387474,42.2750483332602,68.07729607863723,30.787210854243845,54.8675,21.56818211329029
32.99166666666667,13.73095053509782,473.26603349601555,1.0607161315688463,0.06729983731774156,34.467099148474496,42.29681835365902,68.17026532888953,30.761014288986285,54.86625,21.549829938002553
33.300000000000004,13.721469928354365,473.265386759195,1.0701967383123014,0.06794657413827676,34.49086644727679,42.31859333169395,68.26341273930791,30.73481234117672,54.865,21.531473991932756
33.608333333333334,13.711997401370986,473.26473969036346,1.0796692652956799,0.06859364296986165,34.514646250082016,42.340373242623876,68.35673871122957,30.70860503913006,54.86375,21.51311429491713
33.91666666666667,13.7025329557942,473.26409228944823,1.0891337108724648,0.06924104388509794,34.53843853660104,42.362158061650945,68.45024364696705,30.68239241122624,54.8625,21.4947508668374
34.225,13.693076593261766,473.2634445563771,1.098590073404899,0.06988877695620102,34.562243286455114,42.38394776392068,68.54392794981104,30.656174485910096,54.86125,21.476383727620778
34.53333333333333,13.68362831540266,473.2627964910783,1.1080383512640073,0.07053684225499911,34.58606047917576,42.40574232452191,68.6377920240324,30.629951291691363,54.86,21.45801289723996
34.84166666666667,13.674188123837052,473.2621480934804,1.117478542829613,0.07118523985293246,34.609890094204765,42.427541718486964,68.73183627488498,30.60372285714452,54.85875,21.439638395712983
35.15,13.664756020176304,473.26149936351226,1.1269106464903613,0.0718339698210523,34.63373211089401,42.449345920791565,68.82606110860752,30.577489210908944,54.8575,21.421260243103326
35.458333333333336,13.65533200602293,473.2608503011033,1.1363346606437368,0.0724830322300201,34.657586508505474,42.47115490635497,68.92046693242654,30.551250381688643,54.85625,21.402878459519812
35.766666666666666,13.645916082970583,473.2602009061832,1.1457505836960835,0.07313242715010668,34.681453266211136,42.49296865004002,69.0150541545586,30.52500639825233,54.855,21.38449306511653
36.075,13.636508252604038,473.2595511786821,1.1551584140626283,0.07378215465119127,34.705332363092886,42.51478712665317,69.1098231842126,30.49875728943336,54.85375,21.36610408009286
36.38333333333333,13.627108516499172,473.25890111853056,1.164558150167494,0.07443221480276062,34.729223778142455,42.53661031094452,69.20477443159253,30.472503084129613,54.8525,21.34771152469341
36.69166666666667,13.61771687622294,473.25825072565937,1.1739497904437273,0.07508260767390827,34.75312749026135,42.558438177607876,69.29990830789954,30.44624381130351,54.85125,21.329315419208008
37.0,13.608333333333354,473.25759999999997,1.1833333333333118,0.07573333333333343,34.777043478260815,42.58027070128085,69.39522522533487,30.419979499981885,54.85,21.310915783971588
